-- phpMyAdmin SQL Dump
-- version 5.2.0
-- https://www.phpmyadmin.net/
--
-- Hôte : 127.0.0.1:3306
-- Généré le : mer. 26 avr. 2023 à 20:14
-- Version du serveur : 10.3.37-MariaDB
-- Version de PHP : 7.4.33

SET SQL_MODE = "NO_AUTO_VALUE_ON_ZERO";
START TRANSACTION;
SET time_zone = "+00:00";


/*!40101 SET @OLD_CHARACTER_SET_CLIENT=@@CHARACTER_SET_CLIENT */;
/*!40101 SET @OLD_CHARACTER_SET_RESULTS=@@CHARACTER_SET_RESULTS */;
/*!40101 SET @OLD_COLLATION_CONNECTION=@@COLLATION_CONNECTION */;
/*!40101 SET NAMES utf8mb4 */;

--
-- Base de données : `vfhsgark_mathematiques`
--

-- --------------------------------------------------------

--
-- Structure de la table `chapitre`
--

CREATE TABLE `chapitre` (
  `id` int(11) NOT NULL,
  `titre` text NOT NULL
) ENGINE=InnoDB DEFAULT CHARSET=utf8 COLLATE=utf8_unicode_ci;

--
-- Déchargement des données de la table `chapitre`
--

INSERT INTO `chapitre` (`id`, `titre`) VALUES
(1, 'Ensemble de nombre'),
(2, 'Géométrie dans le plan'),
(3, 'Information chiffrée'),
(4, 'Calcul littéral'),
(5, 'Vecteurs'),
(6, 'Fonctions de référence'),
(7, 'Probabilités et échantillonnage'),
(8, 'Étude graphique et algébrique de fonctions'),
(9, 'Arithmétique'),
(10, 'Équations de droites'),
(11, 'Étude des variations d\'une fonction'),
(12, 'Positions relatives de droites'),
(13, 'Statistique descriptive');

-- --------------------------------------------------------

--
-- Structure de la table `classe`
--

CREATE TABLE `classe` (
  `id` int(11) NOT NULL,
  `name` varchar(255) NOT NULL,
  `professeur` int(11) NOT NULL
) ENGINE=InnoDB DEFAULT CHARSET=utf8 COLLATE=utf8_unicode_ci;

--
-- Déchargement des données de la table `classe`
--

INSERT INTO `classe` (`id`, `name`, `professeur`) VALUES
(1, 'A', 11),
(2, 'B', 10),
(3, 'C', 3),
(4, 'D', 4),
(5, 'E', 2),
(6, 'F', 2),
(7, 'G', 3),
(8, 'H', 12),
(9, 'I', 7),
(10, 'J', 6),
(11, 'K', 8),
(12, 'L', 5),
(13, 'M', 9),
(14, 'N', 13),
(15, 'DarkClass', 1);

-- --------------------------------------------------------

--
-- Structure de la table `eleve`
--

CREATE TABLE `eleve` (
  `id` int(11) NOT NULL,
  `nom` varchar(512) NOT NULL,
  `prenom` varchar(512) NOT NULL,
  `note` int(11) NOT NULL,
  `idclasse` int(11) NOT NULL
) ENGINE=InnoDB DEFAULT CHARSET=utf8 COLLATE=utf8_unicode_ci;

--
-- Déchargement des données de la table `eleve`
--

INSERT INTO `eleve` (`id`, `nom`, `prenom`, `note`, `idclasse`) VALUES
(13, 'tonelli', 'noémie', 20, 12),
(14, 'Lemoine', 'Maellie', 11, 12),
(15, 'Rzepka', 'Ilona', 9, 12),
(16, 'Lehu', 'Théo', 11, 12),
(17, 'pinto', 'corantine', 7, 12),
(18, 'LEJEUNE', 'Anissa', 10, 12),
(19, 'Renard', 'Yann', 13, 12),
(20, 'PETIT', 'Charlie', 25, 12),
(21, 'Soisson', 'Othilie', 13, 12),
(22, 'Watissée', 'Eva', 19, 12),
(23, 'barnik', 'gatien', 5, 12),
(24, 'Beausseaux', 'Eliott', 16, 12),
(25, 'GLEMBA', 'Merry-Djane', 11, 12),
(26, 'Laureyns', 'Selya', 16, 12),
(27, 'Beuzart', 'Juliette', 14, 12),
(28, 'Joigniaux', 'Titouan', 22, 12),
(29, 'Lefebvre', 'Maxence', 13, 12),
(30, 'huguet', 'killian', 9, 12),
(31, 'Boitelle', 'Garance', 12, 12),
(32, 'ahmedechrif', 'yanis', 19, 12),
(33, 'Graindepice', 'Jade', 15, 12),
(34, 'Deneux', 'Juline', 10, 12),
(35, 'Hecfeuille', 'Florent', 15, 12),
(36, 'Leconte', 'Gaylor', 16, 12),
(37, 'journet', 'maelys', 12, 13),
(38, 'Mantani', 'Louna', 17, 13),
(39, 'Lalaux', 'Axel', 23, 13),
(40, 'Lefebvre', 'Loane', 10, 13),
(41, 'Veret', 'Sarah', 18, 13),
(42, 'parent', 'erine', 11, 13),
(43, 'Degardin', 'Lily', 16, 13),
(44, 'Maganinho', 'Fabio', 19, 13),
(45, 'Maréchal', 'Lilou', 16, 13),
(46, 'Mercier', 'Jules', 15, 13),
(47, 'oliveira', 'evaelle', 13, 13),
(48, 'Mouffetard', 'Simon', 16, 13),
(49, 'Mayeux', 'Améline', 23, 13),
(50, 'Prissette', 'evan', 16, 10),
(51, 'prioux', 'alex', 13, 10),
(52, 'Poulain', 'Clarisse', 9, 10),
(53, 'FERREIRA', 'Pauline', 8, 10),
(54, 'Hénon', 'Noah', 10, 10),
(55, 'Hoste', 'Oceane', 11, 10),
(56, 'Vignaud', 'Jade', 18, 10),
(57, 'Lesieux', 'Lylou', 8, 10),
(58, 'Parent', 'Cyprien', 17, 10),
(59, 'parent', 'eglantine', 12, 10),
(60, 'Duplouy', 'Gabriel', 16, 10),
(61, 'Enzo', 'Lemble', 14, 10),
(62, 'Goncalves', 'Julienna', 6, 10),
(63, 'ouali', 'pénélope', 21, 10),
(64, 'Leconte', 'Inès', 19, 10),
(65, 'Crombez', 'Leya', 8, 10),
(66, 'DUARTE', 'Eva', 12, 10),
(67, 'chatelain', 'lilas', 15, 10),
(68, 'Debusscher', 'Constant', 21, 10),
(69, 'BASUYAUX', 'Lylou', 20, 10),
(70, 'Delobe', 'Clothilde', 8, 10),
(71, 'CHOPIN', 'Baptiste', 13, 10),
(72, 'Cattiaux', 'Charlotte', 11, 10),
(73, 'BETRANCOURT', 'Léane', 18, 10),
(74, 'Dhorme', 'Laura', 21, 10),
(75, 'Dahmane', 'Yanis', 13, 10),
(76, 'DESMEE', 'Camille', 16, 10),
(77, 'Petit', 'Faustine', 14, 4),
(78, 'Vasseur', 'Constance', 20, 4),
(79, 'Toilliez', 'Jade', 20, 4),
(80, 'Pamart', 'Emmeline', 16, 4),
(81, 'Marousez', 'Aurélien', 28, 4),
(82, 'Munoz-Telle', 'Théotime', 15, 4),
(83, 'Poteau', 'Océane', 18, 4),
(84, 'Vinhais Chaves Vandemeulebrouck', 'Mattéo', 19, 4),
(85, 'Meunier', 'Mathieu', 13, 4),
(86, 'ciesniewski', 'tom', 16, 4),
(87, 'Lecuyer', 'Raphael', 18, 4),
(88, 'Pollet', 'Alexis', 12, 4),
(89, 'MARECAILLE', 'Guillian', 22, 4),
(90, 'sede', 'arthur', 14, 4),
(91, 'Lemaire', 'Zoé', 17, 4),
(92, 'Vasson', 'tao', 12, 1),
(93, 'Lemaire', 'Lea', 8, 1),
(94, 'Blondiaux', 'Léane', 10, 1),
(95, 'Robert', 'Léa', 20, 1),
(96, 'Dziembowski', 'Gaëlle', 12, 1),
(97, 'Martins', 'Eliana', 8, 1),
(98, 'lubart', 'thomas', 14, 1),
(99, 'Beauvois De La Corte', 'Alexia', 11, 1),
(100, 'Soual', 'Eloise', 11, 1),
(101, 'Carpentier', 'Erine', 15, 1),
(102, 'Feutry', 'Baptiste', 26, 4),
(103, 'SIMON', 'Kim', 14, 1),
(104, 'Koller', 'Julien', 20, 1),
(105, 'Lemaire', 'Capucine', 8, 1),
(106, 'morel', 'meline', 15, 1),
(107, 'Lecanu', 'Celia', 13, 1),
(108, 'Cocheteux', 'Aline', 11, 1),
(109, 'Vanwynsberghe', 'Mathis', 17, 1),
(110, 'richard', 'louka', 16, 1),
(111, 'François', 'Alexiane', 19, 1),
(112, 'Fontaine', 'Tristan', 18, 4),
(113, 'ROTY', 'Clément', 21, 1),
(114, 'Vennat', 'Lilou', 15, 1),
(115, 'Vetri', 'Lola', 13, 1),
(116, 'Cardon', 'Steven', 21, 1),
(117, 'D\'hollande', 'Jérémie', 17, 4),
(118, 'Basquin', 'Pierre', 14, 4),
(119, 'Bleuzet', 'Noa', 17, 4),
(120, 'Tirman', 'Louise', 21, 1),
(121, 'Goannis', 'Soléna', 13, 1),
(122, 'Berlemont', 'Noémie', 14, 1),
(123, 'Rasset', 'Leene', 12, 1),
(124, 'Cathelain', 'Martin', 19, 4),
(125, 'cachera', 'Alexis', 15, 4),
(126, 'Cousin', 'Bastien', 17, 4),
(127, 'Goannis', 'Solédate', 17, 1),
(128, 'Duez', 'Romain', 19, 4),
(129, 'lasson', 'adrien', 20, 4),
(130, 'Coste', 'Elise', 16, 4),
(131, 'Galliez', 'Candice', 14, 4),
(132, 'Galliez', 'Clélia', 18, 4),
(133, 'chopin', 'estelle', 21, 4),
(134, 'Da Silva', 'Salomé', 21, 4),
(135, 'Galametz', 'Maylis', 16, 5),
(136, 'picquet', 'sullivan', 15, 5),
(137, 'lorgoulloux', 'Abel', 14, 5),
(138, 'merliot', 'Apolline', 13, 5),
(139, 'Fournigault', 'Nathan', 26, 5),
(140, 'mazzucco de matos', 'fabio', 11, 5),
(141, 'TRICQUET', 'Kelly', 12, 5),
(142, 'Roy', 'Lola', 16, 5),
(143, 'Racine', 'Nathan', 19, 5),
(144, 'Loiseau', 'Emma', 14, 5),
(145, 'Screve', 'Caroline', 19, 5),
(146, 'pellegrini', 'Louis', 13, 5),
(147, 'Guinet', 'Augustin', 13, 5),
(148, 'Heudent', 'Camille', 25, 5),
(149, 'Krier', 'Valentine', 26, 5),
(150, 'Guinet', 'Jeanne', 20, 5),
(151, 'nouioua', 'sheherazade', 14, 7),
(152, 'Da Rocha', 'Lorik', 17, 5),
(153, 'Defontaine', 'Mathis', 8, 5),
(154, 'Deldalle', 'Pierre', 17, 5),
(155, 'foulon', 'florine', 11, 5),
(156, 'verhoeven', 'heloise', 13, 7),
(157, 'Domont', 'Alexandre', 21, 5),
(158, 'pezin', 'valentin', 17, 7),
(159, 'Ferlier', 'Célia', 21, 5),
(160, 'regniez', 'clara', 11, 7),
(161, 'Manet', 'Chloé', 17, 7),
(162, 'Delcourt', 'Valentine', 16, 5),
(163, 'Edwards', 'Abraham', 25, 5),
(164, 'Matton', 'Alexandre', 10, 7),
(165, 'De Freitas', 'Léa', 17, 5),
(166, 'tien', 'maelis', 17, 7),
(167, 'Lemaître', 'Emma', 14, 7),
(168, 'mouchon', 'Andgel', 23, 7),
(169, 'Degand', 'Justine', 19, 5),
(170, 'Lesnes', 'Romain', 12, 7),
(171, 'LEPINE', 'Clément', 18, 7),
(172, 'Poulain', 'Alexandre', 22, 7),
(173, 'De pauw', 'Lea', 16, 5),
(174, 'Wroblewski', 'Romain', 15, 7),
(175, 'Duez', 'Estelle', 21, 5),
(176, 'DAMAY', 'Lola', 16, 7),
(177, 'glacet', 'laurine', 10, 7),
(178, 'Carlier', 'Roméo', 15, 7),
(179, 'Debruyne', 'Erwan', 17, 7),
(180, 'gernez', 'matthias', 11, 7),
(181, 'Foulon', 'Melvin', 15, 7),
(182, 'Abib', 'Yannis', 15, 7),
(184, 'Darras', 'Lilian', 20, 7),
(185, 'Cogez', 'Loriane', 14, 7),
(186, 'zahi', 'jihane', 13, 7),
(187, 'guidez', 'clara', 14, 7),
(188, 'deligne', 'noa', 12, 7),
(189, 'Grattepanche', 'Zoé', 12, 7),
(190, 'Facqueur', 'Lea', 8, 7),
(191, 'ghak', 'ryan', 11, 8),
(192, 'Haiouani', 'Inès', 11, 8),
(193, 'niguet', 'leane', 6, 8),
(194, 'Thonnel', 'Lucie', 8, 8),
(195, 'Louchez', 'Eloise', 14, 8),
(196, 'hamour', 'lena', 14, 8),
(197, 'Fromont', 'Manon', 23, 8),
(198, 'Malesieux', 'Matheo', 17, 8),
(199, 'GWIZDEK', 'Luka', 12, 8),
(200, 'Olivier', 'Noelyne', 18, 8),
(201, 'Vrevin', 'Celia', 10, 8),
(202, 'Leconte', 'Mael', 15, 8),
(203, 'Pruvost', 'Nael', 16, 8),
(204, 'HANOT', 'Maxence', 14, 8),
(205, 'GwIZDEK', 'teo', 14, 8),
(206, 'Bernard', 'Lou', 9, 8),
(207, 'doigneaux', 'romane', 13, 8),
(208, 'djalali', 'ines', 10, 8),
(209, 'Bescond', 'Evann', 9, 8),
(210, 'Diaby', 'Camille', 14, 8),
(211, 'farrat', 'faiza', 10, 8),
(212, 'Coppieters', 'Léa', 21, 8),
(213, 'dandoy', 'gabriel', 11, 8),
(214, 'cardon', 'enzo', 13, 8),
(215, 'Breux', 'Lydie', 16, 8),
(216, 'ledo', 'marie', 7, 11),
(217, 'cras', 'alicia', 8, 11),
(218, 'FLAVIEN', 'TELLIER', 12, 11),
(219, 'organistka', 'sacha', 11, 11),
(220, 'Riquier', 'Baptiste', 7, 11),
(221, 'RICART', 'Cloé', 18, 11),
(222, 'Monchicourt', 'Pierre', 11, 11),
(223, 'Lambal-carlier', 'aélia', 13, 11),
(224, 'lecomte', 'lysea', 16, 11),
(225, 'Raout', 'Aileen', 15, 11),
(226, 'widehem', 'klara', 20, 11),
(227, 'parsaix', 'maxime', 15, 11),
(228, 'mercher', 'justine', 12, 11),
(229, 'Pierache', 'Enzo', 17, 11),
(230, 'Dupuis', 'Nolan', 15, 11),
(231, 'del fiacco', 'mattéo', 13, 11),
(232, 'Durondeau-haguet', 'Horatio', 11, 11),
(233, 'denel', 'Maëva', 16, 11),
(234, 'Derly', 'Cloé', 19, 11),
(235, 'deloeuvre', 'clementine', 17, 11),
(236, 'carsel', 'pauline', 10, 11),
(237, 'dhaussy', 'charlotte', 10, 11),
(238, 'Drubay', 'Adrien', 14, 11),
(239, 'Jarbouh', 'Sofiane', 20, 11),
(240, 'koenig', 'olivia', 10, 11),
(241, 'carlier', 'paul', 13, 11),
(242, 'Delval', 'tom', 16, 11),
(243, 'Ballesteros', 'Nathan', 17, 11),
(244, 'Mawart', 'Steevy', 9, 3),
(245, 'Derouiche', 'Sakina', 8, 3),
(246, 'marcheux', 'alexis', 10, 3),
(247, 'Savoye', 'Emie', 12, 3),
(248, 'imtiaz', 'imaan', 10, 3),
(249, 'Wiart', 'Valentine', 11, 3),
(250, 'Lecerf', 'lucie', 8, 3),
(251, 'Salingue', 'Morgane', 9, 3),
(252, 'Notebaert', 'Yann', 14, 3),
(253, 'liberge', 'cécilia', 14, 3),
(254, 'Lenglet', 'Katarina', 11, 3),
(255, 'hendrycks', 'baptiste', 16, 3),
(256, 'levecque', 'adrien', 12, 3),
(257, 'Tiercelin', 'Olivia', 13, 3),
(258, 'Proy', 'Matteo', 12, 3),
(259, 'Bouveret', 'Kloriane', 17, 3),
(260, 'Dumoulin', 'Nelia', 18, 3),
(261, 'BLANCHARD', 'Lucas', 15, 3),
(262, 'Chiossone', 'Sasha', 14, 3),
(263, 'journee', 'emma', 11, 3),
(264, 'Ghennane', 'Malika', 15, 3),
(265, 'billeret', 'lucie', 11, 3),
(266, 'François', 'Lucas', 13, 3),
(267, 'detourne', 'lea', 13, 3),
(268, 'Delfolie', 'Tom', 19, 3),
(269, 'Beauvais', 'Mathis', 13, 3),
(270, 'Delaleau', 'Benjamin', 12, 3),
(271, 'bacquet', 'kylian', 12, 3),
(272, 'degroise legrand', 'satheene', 10, 3),
(273, 'GLINKOWSKI', 'Jack', 14, 3),
(274, 'Guimbart', 'Sacha', 15, 3),
(275, 'philippart', 'lukas', 10, 9),
(276, 'liozon', 'laora', 6, 9),
(277, 'lancelle', 'elliot', 6, 9),
(278, 'Grattepanche', 'Maxime', 15, 9),
(279, 'Sautiere', 'Robin', 13, 9),
(280, 'Wu', 'Jérémy', 16, 9),
(281, 'leduc', 'junon', 12, 9),
(282, 'Gilbert', 'Laura', 14, 9),
(283, 'Robiquet', 'Kelly', 17, 9),
(284, 'Guidez', 'Faustine', 13, 9),
(285, 'minamikawa', 'sawa', 10, 9),
(286, 'FARSY', 'Maxime', 8, 9),
(287, 'leal', 'tom', 5, 9),
(288, 'Dufour', ' Alexis', 9, 9),
(289, 'Berthaux', 'Chloé', 19, 9),
(290, 'Blondel', 'Mathis', 9, 9),
(291, 'DESPREZ', 'Enzo', 9, 9),
(292, 'delafont', 'jean', 11, 9),
(293, 'DUCORNET', 'Matthieu', 15, 9),
(294, 'Cividino', 'Loïc', 11, 9),
(295, 'bouviez', 'honorine', 10, 9),
(296, 'Petrigliano', 'Lola', 20, 2),
(297, 'diliberto', 'maelle', 13, 2),
(298, 'Owczarczak', 'Kanel', 8, 2),
(299, 'Vérin', 'Antoine', 17, 2),
(300, 'Thorelle', 'Elise', 14, 2),
(301, 'bosch', 'louann', 14, 2),
(302, 'THOREL', 'Flavie', 10, 2),
(303, 'Abbas', 'Maya', 18, 2),
(304, 'Tison', 'Leane', 10, 2),
(305, 'Van Haezebroeke', 'Margaux', 15, 2),
(306, 'ROBERT', 'Gabrielle', 12, 2),
(307, 'Louvet', 'Cédric', 16, 2),
(308, 'DELAFORGE', 'Lou-ann', 14, 2),
(309, 'Delcambre', 'Emma', 11, 2),
(310, 'Largillet', 'Chloé', 12, 2),
(311, 'LAMI', 'Ambre', 14, 2),
(312, 'Bouricha', 'Yasmine', 22, 2),
(313, 'Chauwin ', 'Lorène', 9, 2),
(314, 'Coupin', 'Louise', 13, 2),
(315, 'carpentier', 'elia', 17, 2),
(316, 'Lacarnoy', 'Guillemette', 15, 2),
(317, 'Kotecki', 'Noah', 16, 2),
(318, 'Alemanno', 'Marie', 16, 2),
(319, 'bernier', 'noémie', 25, 2),
(320, 'Mailly Decrouez', 'Lilou ', 17, 2),
(321, 'Hacart', 'Gayane', 15, 2),
(322, 'De Sousa', 'Rosalie', 11, 2),
(323, 'Bantignie ', 'Gwenaelle', 13, 2),
(324, 'Daquet', 'Ines', 10, 14),
(325, 'Doyen', 'Anaïs', 13, 14),
(326, 'ornat', 'juliette', 10, 14),
(327, 'Froment--Deudon', 'Ethan', 11, 14),
(328, 'quinchon', 'eulalie', 9, 14),
(329, 'jourdain', 'lilou', 13, 14),
(330, 'HAINAUT', 'heline', 9, 14),
(331, 'candan', 'remi', 8, 14),
(332, 'Durieux', 'Kyllian', 17, 14),
(333, 'Charai', 'Aymane', 11, 14),
(334, 'Mathorel', 'Maëlys', 14, 14),
(335, 'LEPINE', 'grégoire', 22, 14),
(336, 'ZAROURI', 'lylia', 16, 14),
(337, 'Lormier', 'Louis', 14, 14),
(338, 'Legrand', 'Killian', 24, 14),
(339, 'antosiak', 'ivann', 17, 13),
(340, 'Dubois', 'Danaée', 7, 13),
(341, 'jaglic', 'raphael', 16, 13),
(342, 'Dégardin', 'Mathéo', 12, 13),
(343, 'Guette', 'Lucas', 10, 13),
(344, 'Forgeois', 'Stephane', 15, 13),
(345, 'Duprez-Paulme', 'Arthur', 10, 13),
(346, 'Lejeune', 'Aloïs', 17, 13),
(347, 'Caron', 'Eleona', 10, 13),
(348, 'vallez-le-flohic', 'pierre-emmanuel', 17, 13),
(349, 'Craye', 'Alexandra', 12, 13),
(350, 'Dijon', 'Ethan', 17, 13),
(351, 'Douay', 'Elise', 20, 13),
(352, 'Hallot', 'Erwan', 24, 13),
(353, 'Leducq', 'Léo', 13, 6),
(354, 'El Motaouakkil', 'Asma', 17, 6),
(355, 'Lethellier', 'Victoire', 8, 6),
(356, 'Nys', 'Maxence', 18, 6),
(357, 'Créteur', 'Jules', 20, 6),
(358, 'Verin', 'Ambre', 22, 6),
(359, 'Renard', 'Tobias', 17, 6),
(360, 'El Kouali', 'Assiya', 15, 6),
(361, 'Harous', 'Yasmine', 15, 6),
(362, 'Sorel', 'Natan', 18, 6),
(363, 'Priat', 'Clotilde', 17, 6),
(364, 'lecouf', 'lola', 21, 6),
(365, 'Carbenay', 'Lou', 13, 6),
(366, 'Richard', 'Nina', 17, 6),
(367, 'Jocaille', 'Louise', 23, 6),
(368, 'boulon', 'amelie', 15, 6),
(369, 'Gaillet', 'Théo', 13, 6),
(370, 'Bélotti', 'Hugo', 27, 6),
(371, 'guillois', 'angélina', 11, 6),
(372, 'descamps', 'timothée', 17, 6),
(373, 'Glacet', 'Victor', 22, 6),
(374, 'Caplier', 'gael', 18, 6),
(375, 'Fichet', 'Lino', 14, 6),
(376, 'DELOT', 'Léna', 14, 6),
(377, 'Gourdin', 'Thibaut', 17, 6),
(378, 'Daoudi', 'Ines', 25, 6),
(379, 'georges', 'matheo', 17, 6),
(380, 'Renouf', 'Kimie', 15, 13);

-- --------------------------------------------------------

--
-- Structure de la table `proposition`
--

CREATE TABLE `proposition` (
  `id` bigint(20) NOT NULL,
  `text` varchar(255) NOT NULL,
  `image` varchar(255) NOT NULL,
  `idQuestion` int(11) NOT NULL,
  `valide` tinyint(1) NOT NULL DEFAULT 0
) ENGINE=InnoDB DEFAULT CHARSET=utf8 COLLATE=utf8_unicode_ci;

--
-- Déchargement des données de la table `proposition`
--

INSERT INTO `proposition` (`id`, `text`, `image`, `idQuestion`, `valide`) VALUES
(37, '\\(\\left(-1;4\\right)\\)', 'Null', 45, 0),
(38, '\\(\\left(\\dfrac{-3}{4};\\dfrac{31}{8}\\right)\\)', 'Null', 45, 1),
(39, '\\(\\left(-0,8;3,9\\right)\\)', 'Null', 45, 0),
(40, '\\(\\left(0;5\\right)\\)', 'Null', 45, 0),
(41, '\\(P(-4 ; 2,5)\\)', 'Null', 46, 0),
(42, '\\(P(5 ; 3)\\)', 'Null', 46, 0),
(43, '\\(P(4 ; -2,5)\\)', 'Null', 46, 1),
(44, '\\(P(4 ; -4)\\)', 'Null', 46, 0),
(45, '\\(x \\mapsto 2x \\)', 'Null', 47, 1),
(46, '\\(x \\mapsto 2x^2 +3 \\)', 'Null', 47, 0),
(47, '\\(x \\mapsto \\frac{1}{x} \\)', 'Null', 47, 0),
(48, '\\(x \\mapsto x^3 \\)', 'Null', 47, 0),
(49, '\\(D(-23 ; 7)\\)', 'Null', 48, 0),
(50, ' \\(D(23 ; 6)\\)', 'Null', 48, 1),
(51, ' \\(P(20 ; 5)\\)', 'Null', 48, 0),
(52, '\\(P(-9 ; -2)\\)', 'Null', 48, 0),
(53, '\\(C(3,6 ; 3,5)\\)', 'Null', 49, 1),
(54, '\\(C(5 ; 7)\\)', 'Null', 49, 0),
(55, '\\(C(1 ; 3)\\)', 'Null', 49, 0),
(56, '\\(C(0,6 ; 4,2)\\)', 'Null', 49, 0),
(57, '\\(V(1;2)\\)', 'Null', 50, 0),
(58, '\\(V(-2,5;4,5)\\)', 'Null', 50, 1),
(59, '\\(V(-3;6)\\)', 'Null', 50, 0),
(60, '\\(V(-5;3)\\)', 'Null', 50, 0),
(69, '\\(D(-1,4 ; 2,2)\\)', 'Null', 53, 0),
(70, '\\(D(2,2 ; 1,4)\\)', 'Null', 53, 0),
(71, '\\(D(1,4 ; -2,2)\\)', 'Null', 53, 1),
(72, '\\(D(-2,2 ; 1,4)\\)', 'Null', 53, 0),
(73, '\\(E(0,4 ; -1,8)\\)', 'Null', 54, 1),
(74, '\\(E(3,6 ; 6,8)\\)', 'Null', 54, 0),
(75, '\\(E(3,6 ; -2,2)\\)', 'Null', 54, 0),
(76, '\\(E(7,2   6,8)\\)', 'Null', 54, 0),
(77, '\\(C(7,6 ; -3,3)\\)', 'Null', 55, 0),
(78, '\\(C(-3,3 ; 7,6)\\)', 'Null', 55, 1),
(79, '\\(C(-7,6 ; 3,3)\\)', 'Null', 55, 0),
(80, '\\(C(-7,6 ; -3,3)\\)', 'Null', 55, 0),
(81, '\\(Q(1 ; 3)\\)', 'Null', 56, 0),
(82, '\\(Q(5 ; -2)\\)', 'Null', 56, 0),
(83, '\\(Q(9 ; 4)\\)', 'Null', 56, 1),
(84, '\\(Q(4 ; -5)\\)', 'Null', 56, 0),
(85, '\\(E(4 ; 1)\\)', 'Null', 57, 0),
(86, '\\(E\\left(5 ; \\dfrac{1}{2}\\right)\\)', 'Null', 57, 0),
(87, '\\(E(5 ; 0,25)\\)', 'Null', 57, 1),
(88, '\\(E(0,5 ; 5)\\)', 'Null', 57, 0),
(89, '\\(D(6,7 ; 13,9)\\)', 'Null', 58, 1),
(90, '\\(D(-10,1 ; -23,6)\\)', 'Null', 58, 0),
(91, '\\(D(5 ; 14)\\)', 'Null', 58, 0),
(92, '\\(D(-5 ; -14)\\)', 'Null', 58, 0),
(93, '\\(H(-11 ; 1)\\)', 'Null', 59, 0),
(94, '\\(H(9 ; 1)\\)', 'Null', 59, 0),
(95, '\\(H(11 ; 1)\\)', 'Null', 59, 1),
(96, '\\(H(10 ; -2)\\)', 'Null', 59, 0),
(97, '\\(M\\left(\\dfrac{11}{3} ; \\dfrac{22}{3}\\right)\\)', 'Null', 60, 0),
(98, '\\(M\\left(\\dfrac{5}{3} ; \\dfrac{12}{5}\\right)\\)', 'Null', 60, 0),
(99, '\\(M\\left(3,2 ; \\dfrac{22}{5}\\right)\\)', 'Null', 60, 0),
(100, '\\(M\\left(\\dfrac{11}{20} ; \\dfrac{11}{3}\\right)\\)', 'Null', 60, 1),
(101, '\\(D(4,1 ; 2,8)\\)', 'Null', 61, 0),
(102, '\\(D(-2,7 ;-12,2)\\)', 'Null', 61, 0),
(103, '\\(D(-3,7 ; 12,2)\\)', 'Null', 61, 1),
(104, '\\(D(-3,8 ; 4,7)\\)', 'Null', 61, 0),
(105, '\\(M(0,9 ; 1,4)\\)', 'Null', 62, 0),
(106, '\\(M(0,9 ;-1,4)\\)', 'Null', 62, 0),
(107, '\\(M(0,9 ; -0,7)\\)', 'Null', 62, 1),
(108, '\\(M(1,8 ; -0,7)\\)', 'Null', 62, 0),
(109, '\\(L(4 ; 3,25)\\)', 'Null', 63, 0),
(110, '\\(L(5 ; 8)\\)', 'Null', 63, 0),
(111, '\\(L(3,75 ; 4)\\)', 'Null', 63, 1),
(112, '\\(L(9 ; 8)\\)', 'Null', 63, 0),
(121, '\\(AB=\\sqrt{(x_{A}+x_{B})-(y_{A}+y_{B})}\\)', 'Null', 66, 0),
(122, '\\(AB=\\sqrt{(x_{A}-x_{B})^{2}+(y_{A}-y_{B})^{2}}\\)', 'Null', 66, 1),
(123, '\\(AB=\\sqrt{(x_{A}-x_{B})+(y_{A}-y_{B})}\\)', 'Null', 66, 0),
(124, '\\(AB=\\sqrt{(x_{A}+x_{B})^{2}-(y_{A}+y_{B})^{2}}\\)', 'Null', 66, 0),
(129, 'L\'axe des abscisses.', 'Null', 68, 1),
(130, 'L\'axe des ordonnées.', 'Null', 68, 0),
(131, 'L\'origine.', 'Null', 68, 0),
(132, 'Une droite.', 'Null', 68, 0),
(133, '\\(x_{K}\\)=\\(\\dfrac{x_{A}+x_{C}}{2}\\) et \\(y_{K}\\)=\\(\\dfrac{y_{A}+y_{C}}{2}\\)', 'Null', 69, 1),
(134, '\\(x_{K}\\)=\\(\\dfrac{x_{A}-x_{C}}{2}\\) et \\(y_{K}\\)=\\(\\dfrac{y_{A}-y_{C}}{2}\\)', 'Null', 69, 0),
(135, '\\(x_{K}\\)=\\(\\dfrac{x_{A} \\times x_{C}}{2}\\) et \\(y_{K}\\)=\\(\\dfrac{y_{A} \\times y_{C}}{2}\\)', 'Null', 69, 0),
(136, '\\(x_{K}\\)=\\(\\dfrac{x_{A} + x_{C} \\times 2}{2}\\) et \\(y_{K}\\)=\\(\\dfrac{y_{A} + y_{C} \\times 2}{2}\\)', 'Null', 69, 0),
(137, '\\(y_{K}\\)=\\(\\dfrac{y_{A}+y_{B}}{2}\\)', 'Null', 70, 0),
(138, '\\(x_{K}\\)=\\(\\dfrac{x_{A}+x_{B}}{2}\\)', 'Null', 70, 1),
(139, '\\(x_{K}\\)=\\(\\sqrt{(x_{A}-x_{B})^{2}+(y_{A}-y_{B})^{2}}\\)', 'Null', 70, 0),
(140, '\\(x_{K}\\)=\\(\\dfrac{x_{A}+x_{B}}{4}\\)', 'Null', 70, 0),
(141, '\\(\\sqrt{a}-\\sqrt{b}\\)', 'Null', 71, 0),
(142, '\\(\\sqrt{a} \\times \\sqrt{b} \\)', 'Null', 71, 1),
(143, '\\((\\sqrt{a} \\times \\sqrt{b})^{2}\\)', 'Null', 71, 0),
(144, '\\(\\dfrac{\\sqrt{a}}{\\sqrt{b}}\\)', 'Null', 71, 0),
(149, 'A\\(\\left(1.5, 3\\right)\\)', 'Null', 73, 1),
(150, 'A\\(\\left(-3, 1.5\\right)\\)', 'Null', 73, 0),
(151, 'A\\(\\left(-1.5, 3\\right)\\)', 'Null', 73, 0),
(152, 'A\\(\\left(-1.5, -3\\right)\\)', 'Null', 73, 0),
(153, 'K\\(\\left(-1, 2\\right)\\)', 'Null', 74, 0),
(154, 'K\\(\\left(-5, 1\\right)\\)', 'Null', 74, 0),
(155, 'K\\(\\left(-1, 1\\right)\\)', 'Null', 74, 0),
(156, 'K\\(\\left(1, 0.5\\right)\\)', 'Null', 74, 1),
(157, '\\(\\mathbb{N}\\)', 'Null', 75, 1),
(158, '\\(\\mathbb{Z}\\)', 'Null', 75, 0),
(159, '\\(\\mathbb{D}\\)', 'Null', 75, 0),
(160, '\\(\\mathbb{Q}\\)', 'Null', 75, 0),
(161, '\\(\\left( 2, 4\\right)\\)', 'Null', 76, 0),
(162, '\\(\\left( 2, 3\\right)\\)', 'Null', 76, 1),
(163, '\\(\\left( 3 , 2\\right)\\)', 'Null', 76, 0),
(164, '\\(\\left( 2, 1 \\right)\\)', 'Null', 76, 0),
(165, '\\(\\sqrt{25}\\)', 'Null', 77, 0),
(166, '\\(\\sqrt{64}\\)', 'Null', 77, 1),
(167, '\\(\\left1,5, 2\\right)\\)', 'Null', 77, 0),
(168, '\\(64\\)', 'Null', 77, 0),
(169, '\\(4x^2 + 16\\)', 'Null', 78, 0),
(170, '\\(4x^2 + 16x + 16\\)', 'Null', 78, 1),
(171, '\\(4x^2- 16x + 16\\)', 'Null', 78, 0),
(172, '\\(36x^2\\)', 'Null', 78, 0),
(173, '\\(25x^2 + 4\\)', 'Null', 79, 0),
(174, '\\(25x^2 - 20 x + 4\\) ', 'Null', 79, 0),
(175, '\\(25x^2 - 4\\)', 'Null', 79, 1),
(176, '\\(25x^2  + 20x + 4\\)', 'Null', 79, 0),
(177, 'entiers naturels ', 'Null', 80, 0),
(178, 'des rationnels ', 'Null', 80, 0),
(179, 'entiers relatifs', 'Null', 80, 1),
(180, 'réels ', 'Null', 80, 0),
(181, '\\(\\mathbb{N}\\)', 'Null', 81, 0),
(182, '\\(\\mathbb{Z}\\)', 'Null', 81, 1),
(183, '\\(\\mathbb{R}\\)', 'Null', 81, 0),
(184, '\\(\\mathbb{Q}\\)', 'Null', 81, 0),
(185, '\\(\\sqrt{68}\\)', 'Null', 82, 0),
(186, '\\(\\sqrt{306}\\)', 'Null', 82, 1),
(187, '\\(\\sqrt{24}\\)', 'Null', 82, 0),
(188, '\\(\\sqrt{338}\\)', 'Null', 82, 0),
(189, 'rectangle', 'Null', 83, 0),
(190, 'isocèle', 'Null', 83, 1),
(191, 'quelconque', 'Null', 83, 0),
(192, 'équilatéral', 'Null', 83, 0),
(193, '13,28', 'Null', 84, 1),
(194, '8,32', 'Null', 84, 0),
(195, '16,45', 'Null', 84, 0),
(196, '7,67', 'Null', 84, 0),
(197, 'rectangle', 'Null', 85, 1),
(198, 'isocèle', 'Null', 85, 0),
(199, 'quelconque', 'Null', 85, 0),
(200, 'équilatéral', 'Null', 85, 0),
(201, '\\(4,47\\)', 'Null', 86, 1),
(202, '\\(8,32\\)', 'Null', 86, 0),
(203, '\\(16,45\\)', 'Null', 86, 0),
(204, '\\(7,67\\)', 'Null', 86, 0),
(205, 'rectangle', 'Null', 87, 0),
(206, 'isocèle', 'Null', 87, 1),
(207, 'quelconque', 'Null', 87, 0),
(208, 'équilatéral', 'Null', 87, 0),
(209, 'rectanglee', 'Null', 88, 0),
(210, 'isocèle', 'Null', 88, 0),
(211, 'quelconque', 'Null', 88, 1),
(212, 'équilatéral', 'Null', 88, 0),
(213, '\\(\\sqrt{26}\\)', 'Null', 89, 0),
(214, '\\(\\sqrt{24}\\)', 'Null', 89, 0),
(215, '\\(\\sqrt{38}\\)', 'Null', 89, 0),
(216, '\\(\\sqrt{25}\\)', 'Null', 89, 1),
(217, 'rectangle', 'Null', 90, 0),
(218, 'isocèle', 'Null', 90, 1),
(219, 'quelconque', 'Null', 90, 0),
(220, 'équilatéral', 'Null', 90, 0),
(221, '\\(\\sqrt{16}\\)', 'Null', 91, 0),
(222, '\\(\\sqrt{34}\\)', 'Null', 91, 1),
(223, '\\(\\sqrt{23}\\)', 'Null', 91, 0),
(224, '\\(7\\)', 'Null', 91, 0),
(233, '7', 'Null', 94, 0),
(234, '\\(\\sqrt{10}\\)', 'Null', 94, 0),
(235, '\\(\\sqrt{64}\\)', 'Null', 94, 0),
(236, '10', 'Null', 94, 1),
(237, '\\({\\sqrt23}\\)', 'Null', 95, 0),
(238, '\\(\\dfrac{2}{5}\\)', 'Null', 95, 0),
(239, '\\(0,44\\)', 'Null', 95, 0),
(240, '\\(\\dfrac{\\sqrt{181}}{30}\\)', 'Null', 95, 1),
(241, 'rectangle', 'Null', 96, 0),
(242, 'isocèle', 'Null', 96, 0),
(243, 'quelconque', 'Null', 96, 1),
(244, 'équilatéral', 'Null', 96, 0),
(245, 'rectangle', 'Null', 97, 0),
(246, 'isocèle', 'Null', 97, 0),
(247, 'quelconque', 'Null', 97, 0),
(248, 'équilatéral', 'Null', 97, 1),
(249, '\\(4,6\\)', 'Null', 98, 0),
(250, '\\(3,6\\)', 'Null', 98, 1),
(251, '\\(3,7\\)', 'Null', 98, 0),
(252, '\\(-3,6\\)', 'Null', 98, 0),
(253, '\\(4,34\\)', 'Null', 99, 1),
(254, '\\(4,35\\)', 'Null', 99, 0),
(255, '\\(-4,34\\)', 'Null', 99, 0),
(256, '\\(-4,35\\)', 'Null', 99, 0),
(257, '\\(\\dfrac{6}{\\sqrt{65}}\\)', 'Null', 100, 0),
(258, '\\(0,7\\)', 'Null', 100, 0),
(259, '\\(0,74\\)', 'Null', 100, 0),
(260, '\\(\\dfrac{\\sqrt{65}}{6}\\)', 'Null', 100, 1),
(261, 'un nombre rationnel', 'Null', 101, 0),
(262, 'un entier naturel ', 'Null', 101, 0),
(263, 'un nombre irrationnel ', 'Null', 101, 1),
(264, 'un entier relatif ', 'Null', 101, 0),
(265, '\\( f(-4)  <  f(3) \\)', 'Null', 102, 0),
(266, 'La comparaison n\'est pas possible.', 'Null', 102, 0),
(267, '\\( f(-4) > f(3) \\)', 'Null', 102, 1),
(268, '\\( f(-4) \\) = \\( f(3) \\)', 'Null', 102, 0),
(269, '\\( f \\) admet un maximum pour \\( x=5 \\) et ce maximum vaut \\( 2 \\).', 'Null', 103, 0),
(270, '\\( f \\) admet un maximum pour \\( x=4 \\) et ce maximum vaut \\( 1 \\).', 'Null', 103, 0),
(271, '\\( f \\) admet un maximum pour \\( x=-1 \\) et ce maximum vaut \\( 6 \\).', 'Null', 103, 1),
(272, '\\( f \\) admet un maximum pour \\( x=5 \\) et ce maximum vaut \\( -3 \\).', 'Null', 103, 0),
(273, 'On ne peut pas comparer \\( f(-3) \\) et \\( f(1) \\).', 'Null', 104, 0),
(274, '\\( f(1) > f(2) \\) car la fonction est croissante sur l\'intervalle \\( [-5  ;  2] \\).', 'Null', 104, 0),
(275, '\\( f(4) \\) > \\( f(5) \\) car la fonction est décroissante sur l\'intervalle \\( [2  ;  6] \\).', 'Null', 104, 1),
(276, '\\( f(0)  <  f(-2) \\) car la fonction est croissante sur l\'intervalle \\( [-5 ; 2] \\).', 'Null', 104, 0),
(277, '\\( [-1,5 \\) ; \\( 0] \\)', 'Null', 105, 0),
(278, '\\( [-2 \\) ; \\( 4] \\)', 'Null', 105, 0),
(279, '\\( [4 \\) ; \\( -2] \\)', 'Null', 105, 0),
(280, '\\( [-4 \\) ; \\( 3] \\)', 'Null', 105, 1),
(281, '\\( [2 \\) ; \\( 6] \\)', 'Null', 106, 0),
(282, '\\( [-5 \\) ; \\( 10] \\)', 'Null', 106, 1),
(283, 'On ne peut pas le savoir.', 'Null', 106, 0),
(284, '\\( [2 \\) ; \\( 10] \\)', 'Null', 106, 0),
(285, '\\( -5 \\)', 'Null', 107, 0),
(286, '\\( -4 \\) et \\( 5 \\)', 'Null', 107, 0),
(287, '\\( -5 \\) et \\( 6 \\)', 'Null', 107, 1),
(288, '\\( 6 \\)', 'Null', 107, 0),
(289, '\\( [-1 \\) ; \\( 3] \\)', 'Null', 108, 0),
(290, '\\( [-5 \\) ; \\( 1] \\)', 'Null', 108, 0),
(291, '\\( [-3,5 \\) ; \\( 5] \\)', 'Null', 108, 1),
(292, '\\( [-2 \\) ; \\( 3] \\)', 'Null', 108, 0),
(293, 'I \\( \\cap \\) J =  \\( ]-5 \\) ; \\( 3[ \\)', 'Null', 109, 0),
(294, 'I \\( \\cup \\) J =  \\( [-2 \\) ; \\( 1] \\)', 'Null', 109, 0),
(295, 'I \\( \\cap \\) J =  \\( [-2 \\) ; \\( 1] \\)', 'Null', 109, 0),
(296, 'I \\( \\cup \\) J =  \\( ]-5 \\) ; \\( 3[ \\)', 'Null', 109, 1),
(297, '\\((2 ; 2)\\)', 'Null', 110, 0),
(298, '\\((4 ; 4)\\)', 'Null', 110, 1),
(299, '\\((0,5 ; 0,5)\\)', 'Null', 110, 0),
(300, '\\((5,5 ; 2,5)\\)', 'Null', 110, 0),
(301, '\\(B(2 ; 3)\\)', 'Null', 111, 1),
(302, '\\(B(-2 ; -1)\\)', 'Null', 111, 0),
(303, '\\(B(1 ; 1,5)\\)', 'Null', 111, 0),
(304, '\\(B(8 ; 6)\\)', 'Null', 111, 0),
(305, '\\(] -4 ; 5 ]\\)', 'Null', 112, 0),
(306, '\\(] -4 ; 2 ]\\)', 'Null', 112, 0),
(307, '\\(] 2 ; 2 ]\\)', 'Null', 112, 0),
(308, '\\({ 2 }\\)', 'Null', 112, 1),
(309, '[ - 4 ; + \\(\\infty\\) [', 'Null', 113, 1),
(310, '\\([ 20 ; 52 [\\)', 'Null', 113, 0),
(311, '[ 20 ; +  \\(\\infty\\) [', 'Null', 113, 0),
(312, '\\([ -4 ; 20 ]\\)', 'Null', 113, 0),
(313, '\\(A\\) est le milieu de \\([ BC ]\\)', 'Null', 114, 0),
(314, '\\(B\\) est le milieu de \\([ AC ]\\)', 'Null', 114, 0),
(315, '\\(C\\) est le milieu de \\([ AB ]\\)', 'Null', 114, 1),
(316, '\\(B\\) est le milieu de \\([ CA ]\\)', 'Null', 114, 0),
(317, '\\(T( -1,5 ; -0,5)\\)', 'Null', 115, 0),
(318, '\\(T( -3 ; -1)\\)', 'Null', 115, 0),
(319, '\\(T( -0,5 ; 1,5)\\)', 'Null', 115, 0),
(320, '\\(T( 3,5 ; -2,5)\\)', 'Null', 115, 1),
(321, '\\(QRST\\) est un parallélogramme', 'Null', 116, 0),
(322, '\\(QRST\\) est un rectangle', 'Null', 116, 0),
(323, '\\(QRST\\) est un losange', 'Null', 116, 0),
(324, 'Aucune des réponses', 'Null', 116, 1),
(325, '\\(QRST\\) est un rectangle', 'Null', 117, 0),
(326, '\\(QRST\\) est un losange', 'Null', 117, 1),
(327, '\\(QRST\\) est un parallélogramme (non particulier)', 'Null', 117, 0),
(328, '\\(QRST\\) est un carré', 'Null', 117, 0),
(329, '\\(( -4,5 ; 1)\\)', 'Null', 118, 0),
(330, '\\(( -5 ; -1,5)\\)', 'Null', 118, 0),
(331, '\\(( -2 ; 3,5)\\)', 'Null', 118, 0),
(332, '\\(( -2,5 ; -4 )\\)', 'Null', 118, 1),
(333, 'Calculer les longueurs de tous les côtés', 'Null', 119, 0),
(334, 'Utiliser le théorème de Pythagore', 'Null', 119, 0),
(335, 'Calculer les coordonnées des milieux des diagonales', 'Null', 119, 1),
(336, 'Calculer les longueurs des diagonales', 'Null', 119, 0),
(337, '\\(ABCD\\) est un trapèze', 'Null', 120, 0),
(338, '\\(ABCD\\) est un rectangle', 'Null', 120, 1),
(339, '\\(ABCD\\) est un losange', 'Null', 120, 0),
(340, '\\(ABCD\\) est un triangle', 'Null', 120, 0),
(341, 'rectangle', 'Null', 121, 0),
(342, 'isocèle', 'Null', 121, 0),
(343, 'équilatéral', 'Null', 121, 0),
(344, 'quelconque', 'Null', 121, 1),
(345, '\\(ABC\\) est isocèle', 'Null', 122, 0),
(346, '\\(ABC\\) est équilatéral', 'Null', 122, 0),
(347, '\\(ABC\\) est rectangle', 'Null', 122, 1),
(348, '\\(ABC\\) est quelconque', 'Null', 122, 0),
(349, '\\(RST\\) est isocèle (non rectangle)', 'Null', 123, 1),
(350, '\\(RST\\) est équilatéral', 'Null', 123, 0),
(351, '\\(RST\\) est rectangle', 'Null', 123, 0),
(352, '\\(RST\\) est isocèle et rectangle', 'Null', 123, 0),
(353, '\\(AB = \\sqrt{40}\\) ', 'Null', 124, 0),
(354, '\\(AB = \\sqrt{10}\\) ', 'Null', 124, 1),
(355, '\\(AB = \\sqrt{48}\\) ', 'Null', 124, 0),
(356, '\\(AB = \\sqrt{50}\\) ', 'Null', 124, 0),
(357, '\\(ABCD\\) est un rectangle (non particulier)', 'Null', 125, 0),
(358, '\\(ABCD\\) est un losange (non particulier)', 'Null', 125, 0),
(359, '\\(ABCD\\) est un quadrilatère quelconque', 'Null', 125, 1),
(360, '\\(ABCD\\) est un parallélogramme (non particulier)', 'Null', 125, 0),
(361, 'isocèle', 'Null', 126, 1),
(362, 'équilatéral', 'Null', 126, 0),
(363, 'rectangle', 'Null', 126, 0),
(364, 'quelconque', 'Null', 126, 0),
(365, '\\(\\sqrt{6}\\) ', 'Null', 127, 0),
(366, '\\(\\sqrt{128}\\) ', 'Null', 127, 0),
(367, '\\(\\sqrt{2}\\) ', 'Null', 127, 0),
(368, '\\(\\sqrt{20}\\) ', 'Null', 127, 1),
(369, '\\(E(-2 ; 6)\\)', 'Null', 128, 1),
(370, '\\(E(2 ; 4)\\)', 'Null', 128, 0),
(371, '\\(E( -1 ;3)\\)', 'Null', 128, 0),
(372, '\\(E( 1,75 ; 2,25)\\)', 'Null', 128, 0),
(373, '\\(49-56x+4x^2\\)', 'Null', 129, 0),
(374, '\\(49-56x-16x^2\\)', 'Null', 129, 0),
(375, '\\(49+56x-4x^2\\)', 'Null', 129, 0),
(376, '\\(49-56x+16x^2\\)', 'Null', 129, 1),
(377, '\\(A=49-6x^2\\)', 'Null', 130, 0),
(378, '\\(A=49-36x^2\\)', 'Null', 130, 1),
(379, '\\(A=7-6x^2\\)', 'Null', 130, 0),
(380, '\\(A=49-12x+6x^2\\)', 'Null', 130, 0),
(381, '\\(A=3x^2-2x-8\\)', 'Null', 131, 1),
(382, '\\(A=3x^2+10x+10\\)', 'Null', 131, 0),
(383, '\\(A=x^2+4x+10\\)', 'Null', 131, 0),
(384, '\\(A=x^2-4x-8\\)', 'Null', 131, 0),
(385, '\\(A=x^2-4\\)', 'Null', 132, 0),
(386, '\\(A=x^2-4x-4\\)', 'Null', 132, 0),
(387, '\\(A=x^2+4x+4\\)', 'Null', 132, 1),
(388, '\\(A=x^2-16\\)', 'Null', 132, 0),
(389, '\\(A=4x^2+24x+9\\)', 'Null', 133, 0),
(390, '\\(A=16x^2+24x+9\\)', 'Null', 133, 1),
(391, '\\(A=16x^2+9\\)', 'Null', 133, 0),
(392, '\\(A=16x^2+12x+9\\)', 'Null', 133, 0),
(393, '\\(A=3x^2+12x+58\\)', 'Null', 134, 1),
(394, '\\(A=x^2+12x+58\\)', 'Null', 134, 0),
(395, '\\(A=2x^2+12x+58\\)', 'Null', 134, 0),
(396, '\\(A=3x^2+12x+50\\)', 'Null', 134, 0),
(397, '\\(A=16-32x+2x^2\\)', 'Null', 135, 0),
(398, '\\(A=64+32x-4x^2\\)', 'Null', 135, 0),
(399, '\\(A=16-32x+4x^2\\)', 'Null', 135, 0),
(400, '\\(A=16-32x+4x^2\\)', 'Null', 135, 1),
(401, '\\(A=4x^2+11x+6\\)', 'Null', 136, 0),
(402, '\\(A=4x^2+11x-13\\)', 'Null', 136, 1),
(403, '\\(A=4x^2+11x-6\\)', 'Null', 136, 0),
(404, '\\(A=4x^2-11x-13\\)', 'Null', 136, 0),
(405, '\\(A=9x^2-38x+32\\)', 'Null', 137, 1),
(406, '\\(A=3x^2+38x-32\\)', 'Null', 137, 0),
(407, '\\(A=9x^2+38x-32\\)', 'Null', 137, 0),
(408, '\\(A=3x^2+70x\\)', 'Null', 137, 0),
(409, '\\(A=6x\\)', 'Null', 138, 0),
(410, '\\(A=3x^2-4\\)', 'Null', 138, 0),
(411, '\\(A=9x^2-4\\)', 'Null', 138, 1),
(412, '\\(A=6x^2-4\\)', 'Null', 138, 0),
(413, '48=3 \\( \\times \\) 3 \\( \\times \\) 8', 'Null', 139, 0),
(414, '48=3 \\( \\times \\) 2 \\( \\times \\) 2 \\( \\times \\) 4', 'Null', 139, 0),
(415, '48=3 \\( \\times \\) 2 \\( \\times \\) 2 \\( \\times \\) 2 \\( \\times \\) 2', 'Null', 139, 1),
(416, '48=6 \\( \\times \\) 2 \\( \\times \\) 2 \\( \\times \\) 2', 'Null', 139, 0),
(417, '\\( \\dfrac{p}{n_E} \\)', 'Null', 140, 0),
(418, '\\( \\dfrac{n_E}{p} \\)', 'Null', 140, 0),
(419, '\\( p \\times n_E \\)', 'Null', 140, 1),
(420, '\\( p + n_E \\)', 'Null', 140, 0),
(421, 'environ 40', 'Null', 141, 0),
(422, 'environ 37', 'Null', 141, 1),
(423, '41', 'Null', 141, 0),
(424, '38', 'Null', 141, 0),
(425, '20,95 %', 'Null', 142, 0),
(426, '60,25 %', 'Null', 142, 0),
(427, '20,25 %', 'Null', 142, 1),
(428, '80,26 %', 'Null', 142, 0),
(437, '35 %', 'Null', 145, 0),
(438, '0,14 %', 'Null', 145, 0),
(439, '50 %', 'Null', 145, 0),
(440, '14 %', 'Null', 145, 1),
(441, '135', 'Null', 146, 0),
(442, '100', 'Null', 146, 0),
(443, '110', 'Null', 146, 1),
(444, '120', 'Null', 146, 0),
(445, '20', 'Null', 147, 0),
(446, '16', 'Null', 147, 0),
(447, '24', 'Null', 147, 1),
(448, '33', 'Null', 147, 0),
(449, 'S=\\(]-4;-4[\\) \\( \\cup \\) \\(]4;8]\\)', 'Null', 148, 0),
(450, 'S=\\(]-4;-2[\\) \\( \\cup \\) \\([4;6]\\)', 'Null', 148, 0),
(451, 'S=\\(]-4;-2[\\) \\( \\cup \\) \\(]4;6]\\)', 'Null', 148, 1),
(452, 'S=\\(]-4;-2[\\) \\( \\cap \\) \\(]4;6]\\)', 'Null', 148, 0),
(453, 'La courbe est d\'abord au-dessus puis en-dessous puis au-dessus.', 'Null', 149, 0),
(454, 'La courbe est au-dessus.', 'Null', 149, 0),
(455, 'La courbe est d\'abord en-dessous puis au-dessus puis en-dessous.', 'Null', 149, 1),
(456, 'La courbe est en-dessous.', 'Null', 149, 0),
(457, 'S=\\([0;3]\\)', 'Null', 150, 0),
(458, 'S=\\([4;0[\\) \\( \\cup \\) \\(]-2;1]\\)', 'Null', 150, 0),
(459, 'S=\\([-4;5]\\)', 'Null', 150, 0),
(460, 'S=\\([-4;0[\\) \\( \\cup \\) \\(]3;5]\\)', 'Null', 150, 1),
(461, '\\({4;10;-2}\\)', 'Null', 151, 0),
(462, '\\({12;20}\\)', 'Null', 151, 0),
(463, '\\({11,5;16,5;21}\\)', 'Null', 151, 1),
(464, '\\({-4;-2}\\)', 'Null', 151, 0),
(465, '\\(]3 ; 10]\\)', 'Null', 152, 0),
(466, '\\([-3 ; 3]\\)', 'Null', 152, 1),
(467, '\\(]-3 ; 3[\\)', 'Null', 152, 0),
(468, '\\([-7 ; -3]\\)', 'Null', 152, 0),
(469, '\\({1 ; 2,5}\\)', 'Null', 153, 0),
(470, '\\([1 ; 4,5]\\)', 'Null', 153, 0),
(471, '\\({-2 ; 4,5}\\)', 'Null', 153, 1),
(472, '\\([-6 ; 5]\\)', 'Null', 153, 0),
(473, '... les points \\(P\\), \\(P\'\\) et \\(N\'\\) sont alignés.', 'Null', 154, 0),
(474, '... les points \\(A\\), \\(B\\) et \\(N\'\\) sont alignés.', 'Null', 154, 0),
(475, '... les segments \\([ AN\' ]\\) et \\([ BN ]\\) ont le même milieu.', 'Null', 154, 1),
(476, '... les segments \\([PP\']\\) et \\([NN\']\\) ont le même milieu.', 'Null', 154, 0),
(477, '\\(\\overrightarrow{JC}\\)', 'Null', 155, 0),
(478, '\\(\\overrightarrow{KJ}\\)', 'Null', 155, 0),
(479, '\\(\\overrightarrow{LA}\\)', 'Null', 155, 0),
(480, '\\(\\overrightarrow{JK}\\)', 'Null', 155, 1),
(481, '\\(\\overrightarrow{EF}\\) et \\(\\overrightarrow{CD}\\) ; \\(\\overrightarrow{GH}\\) et \\(\\overrightarrow{AB}\\) ; \\(\\overrightarrow{KL}\\) et \\(\\overrightarrow{IJ}\\).', 'Null', 156, 0),
(482, '\\(\\overrightarrow{AB}\\) et \\(\\overrightarrow{EF}\\) ; \\(\\overrightarrow{GH}\\) et \\(\\overrightarrow{KL}\\) ; \\(\\overrightarrow{IJ}\\) et \\(\\overrightarrow{CD}\\).', 'Null', 156, 1),
(483, '\\(\\overrightarrow{GH}\\) et \\(\\overrightarrow{CD}\\) ; \\(\\overrightarrow{EF}\\) et \\(\\overrightarrow{IJ}\\) ; \\(\\overrightarrow{AB}\\) et \\(\\overrightarrow{KL}\\).', 'Null', 156, 0),
(484, '\\(\\overrightarrow{AB}\\) et \\(\\overrightarrow{CD}\\) ; \\(\\overrightarrow{IJ}\\) et \\(\\overrightarrow{GH}\\) ; \\(\\overrightarrow{EF}\\) et \\(\\overrightarrow{KL}\\).', 'Null', 156, 0),
(485, '\\(6 \\overrightarrow{AB}+1,5 \\overrightarrow{AC}\\)', 'Null', 157, 0),
(486, '\\(6 \\overrightarrow{AB}+ \\overrightarrow{AC}\\)', 'Null', 157, 1),
(487, '\\(6 \\overrightarrow{AB}+2 \\overrightarrow{AC}\\)', 'Null', 157, 0),
(488, '\\(9 \\overrightarrow{AB}+ \\overrightarrow{AC}\\)', 'Null', 157, 0),
(489, '\\(\\overrightarrow{HM}\\)', 'Null', 158, 0),
(490, '\\(\\overrightarrow{LJ}\\)', 'Null', 158, 0),
(491, '\\(\\overrightarrow{LI}\\)', 'Null', 158, 1),
(492, '\\(\\overrightarrow{KL}\\)', 'Null', 158, 0),
(493, '\\( \\vec{x} = \\overrightarrow{DG}\\)', 'Null', 159, 0),
(494, '\\( \\vec{x} = \\vec{0}  \\)', 'Null', 159, 0),
(495, '\\( \\vec{x} = 2\\overrightarrow{DG}\\)', 'Null', 159, 1),
(496, '\\( \\vec{x} = 2 \\overrightarrow{FD}\\)', 'Null', 159, 0),
(497, '\\( \\overrightarrow{AB} +\\overrightarrow{AC} = \\overrightarrow{BC} \\)', 'Null', 160, 0),
(498, '\\(AB\\,+\\,BC\\,=\\,AC \\)', 'Null', 160, 0),
(499, '\\( \\overrightarrow{AB} +\\overrightarrow{BC} = \\overrightarrow{AC} \\)', 'Null', 160, 1),
(500, '\\( \\overrightarrow{AC} +\\overrightarrow{BC} = \\overrightarrow{AB} \\)', 'Null', 160, 0),
(501, '\\( \\vec{h}=-\\vec{g}\\) ; \\( \\vec{i}=3 \\, \\vec{g}\\) ; \\( \\vec{j}=2,25\\, \\vec{g}\\) ; \\( \\vec{k}=-0,5\\, \\vec{g}\\) ; \\( \\vec{l}=4\\, \\vec{g} \\) .', 'Null', 161, 0),
(502, '\\( \\vec{h}=-0,5\\, \\vec{g}\\) ; \\( \\vec{i}=1,5\\, \\vec{g}\\) ; \\( \\vec{j}=1,25\\, \\vec{g}\\) ; \\( \\vec{k}=-0,25\\, \\vec{g}\\) ; \\( \\vec{l}=2\\, \\vec{g} \\) .', 'Null', 161, 1),
(503, '\\( \\vec{h}=0,5\\, \\vec{g}\\) ; \\( \\vec{i}=-1,5\\, \\vec{g}\\) ; \\( \\vec{j}=-1,25\\, \\vec{g}\\) ; \\( \\vec{k}=0,25\\, \\vec{g}\\) ; \\( \\vec{l}=-2\\, \\vec{g} \\) .', 'Null', 161, 0),
(504, '\\( \\vec{h}=-2\\, \\vec{g}\\) ; \\( \\vec{i}=\\dfrac{2}{3} \\, \\vec{g}\\) ; \\( \\vec{j}=0,8\\, \\vec{g}\\) ; \\( \\vec{k}=-4 \\, \\vec{g}\\) ; \\( \\vec{l}=0,5 \\, \\vec{g} \\) .', 'Null', 161, 0),
(505, 'multiplier par 0,95', 'Null', 162, 0),
(506, 'diviser par 1,05', 'Null', 162, 0),
(507, 'multiplier par 1,05', 'Null', 162, 1),
(508, 'diviser par 0,95', 'Null', 162, 0),
(509, '1,20 %', 'Null', 163, 0),
(510, '20 %', 'Null', 163, 0),
(511, '21 %', 'Null', 163, 1),
(512, '1,21 %', 'Null', 163, 0),
(513, '\\(x_{1}+x_{2}+\\)...\\(+x_{p}\\)', 'Null', 164, 0),
(514, '\\(x_{1}+n_{1} \\times x_{2}+n_{2} \\times \\)...\\( \\times x_{p}+n_{p}\\)', 'Null', 164, 0),
(515, '\\(n_{1}+n_{2}+\\)...\\(+n_{p}\\)', 'Null', 164, 1),
(516, '\\(x_{1} \\times n_{1}+x_{2} \\times n_{2}+\\)...\\(+x_{p} \\times n_{p}\\)', 'Null', 164, 0),
(517, '\\(m \\approx 732 \\) et \\( s \\approx 1244 \\) ', 'Null', 165, 0),
(518, '\\( m \\approx 1244 \\) et \\( s \\approx 732 \\) ', 'Null', 165, 1),
(519, '\\(m \\approx 34 \\) et \\( s \\approx 23,1 \\) ', 'Null', 165, 0),
(520, '\\(m \\approx 5275 \\) et \\( s \\approx 8000,1 \\) ', 'Null', 165, 0),
(521, '11,9', 'Null', 166, 0),
(522, '10,9', 'Null', 166, 1),
(523, '9,9', 'Null', 166, 0),
(524, '12,9', 'Null', 166, 0),
(525, 'La moyenne serait égale à 11.', 'Null', 167, 0),
(526, 'La moyenne serait égale à 8,5.', 'Null', 167, 0),
(527, 'La moyenne serait égale à 9,5.', 'Null', 167, 0),
(528, 'La moyenne serait égale à 10.', 'Null', 167, 1),
(529, '... 72,25', 'Null', 168, 0),
(530, '... 56,42', 'Null', 168, 0),
(531, '... 83,67', 'Null', 168, 1),
(532, '... 49,18', 'Null', 168, 0),
(533, '2', 'Null', 169, 1),
(534, '4', 'Null', 169, 0),
(535, '8', 'Null', 169, 0),
(536, '1', 'Null', 169, 0),
(537, '4,8', 'Null', 170, 0),
(538, '9,1', 'Null', 170, 0),
(539, '9,7', 'Null', 170, 0),
(540, '3,9', 'Null', 170, 1),
(541, '\\(3x-5\\)', 'Null', 171, 0),
(542, '1', 'Null', 171, 1),
(543, '\\(-3\\)', 'Null', 171, 0),
(544, '13', 'Null', 171, 0),
(545, 'On divise l\'effectif total par l\'effectif de cette valeur.', 'Null', 172, 0),
(546, 'On multiplie cette valeur par son effectif.', 'Null', 172, 0),
(547, 'On divise l\'effectif de cette valeur par l\'effectif total.', 'Null', 172, 1),
(548, 'On additionne l\'effectif de cette valeur par l\'effectif total.', 'Null', 172, 0),
(549, 'n\'existe pas', 'Null', 173, 0),
(550, 'est -2', 'Null', 173, 0),
(551, 'est -3', 'Null', 173, 1),
(552, 'est 3', 'Null', 173, 0),
(553, 'est 3', 'Null', 174, 1),
(554, 'sont -3,5 ; 1,5 et 5', 'Null', 174, 0),
(555, 'n\'existe pas', 'Null', 174, 0),
(556, 'sont -2,5 et 0,5', 'Null', 174, 0),
(557, 'sont -2 et 2', 'Null', 175, 0),
(558, 'est 0', 'Null', 175, 0),
(559, 'sont -4 et 2', 'Null', 175, 0),
(560, 'sont -2 et 0', 'Null', 175, 1),
(561, '', '95490b59c9d28a8822b87805429e4d42.png', 176, 0),
(562, '', '35da96e117dea4934ca4a0799efa397c.png', 176, 0),
(563, '', '0808cdeee4f2a000ffd5804e8453cb31.png', 176, 0),
(564, '', '05f0f62048cfd7715a444954f55e1aa2.png', 176, 1),
(565, '', '88447118cb08f8cf2e538b1311af0bba.png', 177, 0),
(566, '', '54084fcb28d9b657f2798e63dd9f37dc.png', 177, 1),
(567, '', '07b3d2b168242448a493edb44b8ad1ae.png', 177, 0),
(568, '', '0ef9cadf51200b8019471d9c9a3a26f0.png', 177, 0),
(569, '\\({2;6}\\)', 'Null', 178, 1),
(570, '\\({-2}\\)', 'Null', 178, 0),
(571, 'l\'ensemble vide', 'Null', 178, 0),
(572, '\\([-2;6]\\)', 'Null', 178, 0),
(573, '\\({0}\\)', 'Null', 179, 0),
(574, '\\({2,5:4,5}\\)', 'Null', 179, 1),
(575, 'l\'ensemble vide', 'Null', 179, 0),
(576, '\\({-2;0}\\)', 'Null', 179, 0),
(577, '\\({-1}\\)', 'Null', 180, 0),
(578, '\\({-3;-1;1}\\)', 'Null', 180, 0),
(579, '\\({-3;-1;1;7}\\)', 'Null', 180, 1),
(580, 'l\'ensemble vide', 'Null', 180, 0),
(581, '\\(]2,5;4,5[\\)', 'Null', 181, 1),
(582, '\\([2,5;4,5]\\)', 'Null', 181, 0),
(583, '\\([-3;2,5[\\cup ]6;7]\\)', 'Null', 181, 0),
(584, '\\([-3;2,5]\\cup [4,5;7]\\)', 'Null', 181, 0),
(585, '\\(]2,5;4,5[\\)', 'Null', 182, 0),
(586, '\\([2,5;4,5]\\)', 'Null', 182, 0),
(587, '\\([-3;2,5[\\cup ]4,5;7]\\)', 'Null', 182, 1),
(588, '\\(]-3;2,5[\\cup ]4,5:7[\\)', 'Null', 182, 0),
(589, '\\(]2,5;4,5[\\)', 'Null', 183, 0),
(590, '\\([2,5;4,5]\\)', 'Null', 183, 0),
(591, '\\(]-3;2,5[\\cup ]4,5;7[\\)', 'Null', 183, 0),
(592, '\\([-3;2,5]\\cup [4,5;7]\\)', 'Null', 183, 1),
(593, '\\(]2,5;4,5[\\)', 'Null', 184, 0),
(594, '\\([2,5;4,5]\\)', 'Null', 184, 1),
(595, '\\([-3;2,5]\\cup [4,5;7]\\)', 'Null', 184, 0),
(596, '\\(]-3;2,5]\\cup [4,5;7[\\)', 'Null', 184, 0),
(597, '', '9e6419544bca4e63741fd8c4785a1e84.png', 185, 1),
(598, '', '299abbed66084520f01c12a474504f89.png', 185, 0),
(599, '', '66741daa64ad255b20610e0fec3e45e6.png', 185, 0),
(600, '', '1fd03cc69d9d6a8d942769c8fcc2dc5b.png', 185, 0),
(601, '', 'c1e0bb281fd00f5aa104f3abc110eb7c.png', 186, 0),
(602, '', 'ba8f16f25c0cbf0cdd7687703258b5f9.png', 186, 0),
(603, '', 'aca5a427930f8ec86d6cc9ea52f2f7b7.png', 186, 1),
(604, '', 'd16cd8f164a23214e63a7d62e5140974.png', 186, 0),
(605, '\\(f(-3) < f(7)\\)', 'Null', 187, 0),
(606, '\\(f(-3)>f(7)\\)', 'Null', 187, 0),
(607, '\\(f(-3)=f(7)\\)', 'Null', 187, 1),
(608, 'on ne peut pas comparer ces nombres', 'Null', 187, 0),
(609, '\\(f(3) < f(4)\\)', 'Null', 188, 1),
(610, '\\(f(3)>f(4)\\)', 'Null', 188, 0),
(611, '\\(f(3)=f(4)\\)', 'Null', 188, 0),
(612, 'on ne peut pas comparer ces nombres', 'Null', 188, 0),
(613, '\\(f(0) < f(1)\\)', 'Null', 189, 0),
(614, '\\(f(0)>f(1)\\)', 'Null', 189, 1),
(615, '\\(f(0)=f(1)\\)', 'Null', 189, 0),
(616, 'on ne peut pas comparer ces nombres', 'Null', 189, 0),
(617, '\\(f(-1) < f(3)\\)', 'Null', 190, 0),
(618, '\\(f(-1)>f(3)\\)', 'Null', 190, 1),
(619, '\\(f(-1) = f(3)\\)', 'Null', 190, 0),
(620, 'on ne peut pas comparer ces nombres', 'Null', 190, 0),
(625, '\\(\\overrightarrow{AB}\\) - \\(\\overrightarrow{BC}\\) = \\(\\overrightarrow{AC}\\)', 'Null', 192, 0),
(626, '\\(\\overrightarrow{AB}\\) + \\(\\overrightarrow{CB}\\) = \\(\\overrightarrow{AC}\\)', 'Null', 192, 0),
(627, '\\(\\overrightarrow{AB}\\) + \\(\\overrightarrow{BC}\\) = \\(\\overrightarrow{BC}\\)', 'Null', 192, 0),
(628, '\\(\\overrightarrow{AB}\\) - \\(\\overrightarrow{CB}\\) = \\(\\overrightarrow{AC}\\)', 'Null', 192, 1),
(629, '-10 %', 'Null', 200, 0),
(630, '+ 16 %', 'Null', 200, 1),
(631, '- 16 % ', 'Null', 200, 0),
(632, '+ 10 %', 'Null', 200, 0),
(633, '35,96 €', 'Null', 201, 1),
(634, '34,32 €', 'Null', 201, 0),
(635, '35,84 €', 'Null', 201, 0),
(636, '36,44 €', 'Null', 201, 0),
(637, '55 %', 'Null', 202, 0),
(638, '50 %', 'Null', 202, 0),
(639, '+ de 61 %', 'Null', 202, 1),
(640, '+ de 65 %', 'Null', 202, 0),
(641, '+ 14 %', 'Null', 203, 0),
(642, '- 86 %', 'Null', 203, 0),
(643, '+ 86 %', 'Null', 203, 0),
(644, '- 14 %', 'Null', 203, 1),
(645, '3,25 %', 'Null', 204, 1),
(646, '5 %', 'Null', 204, 0),
(647, '2,5 %', 'Null', 204, 0),
(648, '3 %', 'Null', 204, 0),
(649, '+ 43 %', 'Null', 205, 0),
(650, '- 5 %', 'Null', 205, 0),
(651, '+ 5 %', 'Null', 205, 1),
(652, '- 43 %', 'Null', 205, 0),
(653, '\\(S=\\left\\{-4 ; -\\dfrac{1}{3}\\right\\}\\)', 'Null', 206, 0),
(654, '\\(S=\\left\\{-4 ; \\dfrac{1}{3}\\right\\}\\)', 'Null', 206, 1),
(655, '\\(S=\\left\\{4 ; \\dfrac{1}{3}\\right\\}\\)', 'Null', 206, 0),
(656, '\\(S=\\left\\{4 ; -\\dfrac{1}{3}\\right\\}\\)', 'Null', 206, 0),
(657, '174,80 €', 'Null', 207, 0),
(658, '159,83 €', 'Null', 207, 1),
(659, '336,74 €', 'Null', 207, 0),
(660, '92,46 €', 'Null', 207, 0),
(661, 'alignés', 'Null', 208, 0),
(662, 'égaux', 'Null', 208, 0),
(663, 'colinéaires', 'Null', 208, 1),
(664, 'opposés', 'Null', 208, 0),
(665, 'décimal', 'Null', 209, 0),
(666, 'irrationnel', 'Null', 209, 1),
(667, 'rationnel', 'Null', 209, 0),
(668, 'naturel', 'Null', 209, 0),
(669, 'décimal', 'Null', 210, 0),
(670, 'rationnel', 'Null', 210, 0),
(671, 'relatif', 'Null', 210, 0),
(672, 'naturel', 'Null', 210, 1),
(677, '\\(8x^2-8x-30\\)', 'Null', 211, 0),
(678, '\\(8x^2-8x+30\\)', 'Null', 211, 0),
(679, '\\(8x^2-32x-30\\)', 'Null', 211, 0),
(680, '\\(8x^2-32x+30\\)', 'Null', 211, 1),
(681, '\\(\\left(2x-5\\right)\\left(7x-4\\right)\\)', 'Null', 213, 0),
(682, '\\(\\left(2x-5\\right)\\left(x-2\\right)\\)', 'Null', 213, 1),
(683, '\\(\\left(2x-5\\right)\\left(x-4\\right)\\)', 'Null', 213, 0),
(684, '\\(\\left(2x-5\\right)\\left(7x-2\\right)\\)', 'Null', 213, 0),
(685, '\\(F\\left(4;7\\right)\\)', 'Null', 214, 0),
(686, '\\(F\\left(-4;-7\\right)\\)', 'Null', 214, 0),
(687, '\\(F\\left(-4;7\\right)\\)', 'Null', 214, 1),
(688, '\\(F\\left(4;-7\\right)\\)', 'Null', 214, 0),
(689, 'isocèle', 'Null', 215, 1),
(690, 'équilatéral', 'Null', 215, 0),
(691, 'rectangle', 'Null', 215, 0),
(692, 'quelconque', 'Null', 215, 0),
(693, 'carré', 'Null', 216, 1),
(694, 'rectangle mais pas carré', 'Null', 216, 0),
(695, 'losange mais pas carré', 'Null', 216, 0),
(696, 'parallélogramme mais pas carré', 'Null', 216, 0),
(697, '', '0874558876a48df4edf4f590c088fb03.png', 217, 0),
(698, '', 'b8d66bd0590fa47d4788bfd2f2202cae.png', 217, 0),
(699, '', 'ab2d86b0c864d8d4f79fb26cde088088.png', 217, 1),
(700, '', '57b47685b405ccdb1d5127d28601fce4.png', 217, 0),
(701, '\\(2,5\\times 10^4\\)', 'Null', 218, 1),
(702, '\\(0,4 \\times 10^4\\)', 'Null', 218, 0),
(703, '\\(25 \\times 10^3\\)', 'Null', 218, 0),
(704, '\\(4 \\times 10^4\\)', 'Null', 218, 0),
(705, '\\(7,43 \\times 10^{-4}\\)', 'Null', 219, 1),
(706, '\\(743 \\times 10^{-8}\\)', 'Null', 219, 0),
(707, '\\(7,43 \\times 10^5\\)', 'Null', 219, 0),
(708, '\\(743 \\times 10^{-3}\\)', 'Null', 219, 0),
(709, '\\(7^{-4}\\)', 'Null', 220, 0),
(710, '\\(7^{32}\\)', 'Null', 220, 0),
(711, '\\(7^{12}\\)', 'Null', 220, 1),
(712, '\\(7^2\\)', 'Null', 220, 0),
(713, '\\(15 \\times 10^5\\)', 'Null', 221, 1),
(714, '\\(1,5 \\times 10^6\\)', 'Null', 221, 0),
(715, '\\(1,5 \\times 10^8\\)', 'Null', 221, 0),
(716, '\\(1,5 \\times 10^{-6}\\)', 'Null', 221, 0),
(717, '\\(24 \\times 10^5\\)', 'Null', 222, 0),
(718, ' \\(2,4 \\times 10^3\\)', 'Null', 222, 1),
(719, '\\(2,4 \\times 10^4\\)', 'Null', 222, 0),
(720, '\\(2,4 \\times 10^{-3}\\)', 'Null', 222, 0),
(721, 'Une baisse d\'environ \\(3 \\%\\)', 'Null', 223, 0),
(722, 'Une baisse d\'environ \\(2,91 \\%\\)', 'Null', 223, 1),
(723, 'Une hausse d\'environ \\(3\\%\\)', 'Null', 223, 0),
(724, 'Une baisse d\'environ \\(9,71 \\%\\)', 'Null', 223, 0),
(725, '\\(164\\)', 'Null', 224, 0),
(726, '\\(173\\)', 'Null', 224, 0),
(727, '\\(214\\)', 'Null', 224, 0),
(728, '\\(153\\)', 'Null', 224, 1),
(729, 'Une baisse de \\(10,5 \\%\\)', 'Null', 225, 0),
(730, 'Une hausse de \\(10,5 \\%\\)', 'Null', 225, 1),
(731, 'Une baisse de \\(1,5 \\%\\)', 'Null', 225, 0),
(732, 'Une hausse de \\(1,5 \\%\\)', 'Null', 225, 0),
(733, '\\(8000\\)', 'Null', 226, 0),
(734, '\\(800000\\)', 'Null', 226, 1),
(735, '\\(0,00008\\)', 'Null', 226, 0),
(736, '\\(80000\\)', 'Null', 226, 0),
(737, 'Augmenté de \\(8 \\%\\)', 'Null', 227, 0),
(738, 'Baissé de \\(9,75 \\%\\)', 'Null', 227, 0),
(739, 'Augmenté de \\(9,25 \\%\\)', 'Null', 227, 1),
(740, 'Baissé de \\(9,25 \\%\\)', 'Null', 227, 0),
(741, '\\(15 \\%\\)', 'Null', 228, 0),
(742, '\\(10 \\%\\)', 'Null', 228, 1),
(743, '\\(13 \\%\\)', 'Null', 228, 0),
(744, '\\(9,9 \\%\\)', 'Null', 228, 0),
(745, '\\(3^6\\)', 'Null', 229, 1),
(746, '\\(3^8\\)', 'Null', 229, 0),
(747, '\\(3^{10}\\)', 'Null', 229, 0),
(748, '\\(3^2\\)', 'Null', 229, 0),
(749, '\\(3,75 \\times 10^{-1}\\)', 'Null', 231, 1),
(750, '\\(375 \\times 10^{-1}\\)', 'Null', 231, 0),
(751, '\\(0,375 \\times 10^{-1}\\)', 'Null', 231, 0),
(752, '\\(375 \\times 10^2\\)', 'Null', 231, 0),
(753, '\\(5^{96}\\)', 'Null', 235, 0),
(754, '\\(2^{27}\\)', 'Null', 235, 0),
(755, '\\(8^{19}\\)', 'Null', 235, 0),
(756, '\\(2^{81}\\)', 'Null', 235, 1),
(765, 'Une baisse de \\(47,1 \\%\\)', 'Null', 246, 0),
(766, 'Une hausse de \\(112,3 \\%\\)', 'Null', 246, 1),
(767, 'Une baisse de \\(112,3 \\%\\)', 'Null', 246, 0),
(768, 'Une hausse de \\(212,3 \\%\\)', 'Null', 246, 0),
(769, '\\(6,5\\%\\)', 'Null', 247, 1),
(770, '\\(6500\\%\\)', 'Null', 247, 0),
(771, '\\(0,65\\%\\)', 'Null', 247, 0),
(772, '\\(7,5\\%\\)', 'Null', 247, 0),
(773, '\\(100\\%\\)', 'Null', 248, 0),
(774, '\\(28,57\\%\\)', 'Null', 248, 1),
(775, '\\(125\\%\\)', 'Null', 248, 0),
(776, '\\(56,25\\%\\)', 'Null', 248, 0),
(777, '\\(1,234 \\times 10^7\\)', 'Null', 249, 0),
(778, '\\(12,34 \\times 10^8\\)', 'Null', 249, 0),
(779, '\\(123,4 \\times 10^9\\)', 'Null', 249, 0),
(780, '\\(1,234 \\times 10^8\\)', 'Null', 249, 1),
(781, '\\(6\\)km', 'Null', 250, 0),
(782, '\\(27\\)km', 'Null', 250, 0),
(783, '\\(14\\)km', 'Null', 250, 1),
(784, '\\(12\\)km', 'Null', 250, 0),
(785, '\\(3^{13}\\)', 'Null', 251, 1),
(786, '\\(3^{36}\\)', 'Null', 251, 0),
(787, '\\(3^{-5}\\)', 'Null', 251, 0),
(788, '\\(3^5\\)', 'Null', 251, 0),
(789, '\\(3^{24}\\)', 'Null', 252, 0),
(790, '\\(3^2\\)', 'Null', 252, 0),
(791, '\\(3^{10}\\)', 'Null', 252, 1),
(792, '\\(3^{11}\\)', 'Null', 252, 0),
(793, 'Une hausse de \\(3,4\\%\\)', 'Null', 253, 1),
(794, 'Une hausse de \\(2,4 \\%\\)', 'Null', 253, 0),
(795, 'Une baisse de \\(3,4 \\%\\)', 'Null', 253, 0),
(796, 'Une baisse de \\(2,4 \\%\\)', 'Null', 253, 0),
(797, '\\(15 \\times 10^3\\)', 'Null', 254, 0),
(798, '\\(1,5 \\times 10^3\\)', 'Null', 254, 1),
(799, '\\(15 \\times 10\\)', 'Null', 254, 0),
(800, '\\(30,15\\)', 'Null', 254, 0),
(801, ' Une baisse de \\(28,1 \\%\\)', 'Null', 255, 0),
(802, 'Une baisse de \\(31 \\%\\)', 'Null', 255, 1),
(803, ' Une baisse de \\(34,5 \\%\\)', 'Null', 255, 0),
(804, 'Une augmentation de \\(34,5 \\%\\)', 'Null', 255, 0),
(805, 'Une baisse de \\(47,1 \\%\\)', 'Null', 256, 0),
(806, ' Une hausse de \\(112,3 \\%\\) ', 'Null', 256, 1),
(807, 'Une baisse de \\(112,3 \\% \\) ', 'Null', 256, 0),
(808, 'Une hausse de \\(212,3 \\%\\)', 'Null', 256, 0),
(809, '\\(100\\)', 'Null', 257, 0),
(810, '\\(120\\)', 'Null', 257, 1),
(811, '\\(12\\)', 'Null', 257, 0),
(812, '\\(80\\)', 'Null', 257, 0),
(813, '\\( \\frac{86}{39}\\)', 'Null', 258, 0),
(814, '\\( \\frac{688}{312}\\)', 'Null', 258, 0),
(815, ' \\( \\frac{47}{86}\\)', 'Null', 258, 1),
(816, ' \\( \\frac{688}{376}\\)', 'Null', 258, 0),
(817, '\\(10^{123}\\)', 'Null', 259, 1),
(818, '\\(10^{337}\\)', 'Null', 259, 0),
(819, '\\(10^2\\)', 'Null', 259, 0),
(820, '\\(10^{-123}\\)', 'Null', 259, 0),
(821, '\\(25\\) euros', 'Null', 260, 0),
(822, '\\(18\\) euros', 'Null', 260, 0),
(823, '\\(35\\) euros', 'Null', 260, 1),
(824, '\\(30\\) euros', 'Null', 260, 0),
(825, '\\(39 \\%\\)', 'Null', 261, 1),
(826, '\\(38 \\%\\)', 'Null', 261, 0),
(827, '\\(37\\%\\)', 'Null', 261, 0),
(828, '\\(40 \\%\\)', 'Null', 261, 0),
(829, '\\(23\\) euros', 'Null', 262, 0),
(830, '\\(22,15\\) euros', 'Null', 262, 1),
(831, '\\(24,40\\) euros', 'Null', 262, 0),
(832, '\\(25\\) euros', 'Null', 262, 0),
(837, '\\(57,01 \\%\\)', 'Null', 264, 0),
(838, '\\(54,30 \\%\\)', 'Null', 264, 0),
(839, '\\(56,20 \\%\\)', 'Null', 264, 0),
(840, '\\(56,25 \\%\\)', 'Null', 264, 1),
(841, '\\(2115\\) euros', 'Null', 265, 0),
(842, '\\(1576\\) euros', 'Null', 265, 1),
(843, '\\(1515\\) euros', 'Null', 265, 0),
(844, '\\(2576\\) euros', 'Null', 265, 0),
(853, '\\(\\mathbb{Z}\\)', 'Null', 268, 0),
(854, '\\(\\mathbb{D}\\)', 'Null', 268, 1),
(855, '\\(\\mathbb{Q}\\)', 'Null', 268, 0),
(856, '\\(\\mathbb{R}\\)', 'Null', 268, 0),
(857, '1', 'Null', 269, 0),
(858, '2', 'Null', 269, 0),
(859, '3', 'Null', 269, 1),
(860, '4', 'Null', 269, 0),
(861, '\\([0 ; 5]\\)', 'Null', 270, 0),
(862, '\\([0 ; 5[\\)', 'Null', 270, 0),
(863, '\\(]0 ; 5]\\)', 'Null', 270, 1),
(864, '\\(]0 ; 5[\\)', 'Null', 270, 0),
(865, '\\([0;3]\\)', 'Null', 271, 0),
(866, '\\([0;3[\\)', 'Null', 271, 0),
(867, '\\(]-\\infty; 3[\\)', 'Null', 271, 0),
(868, '\\(]-\\infty; 3]\\)', 'Null', 271, 1),
(869, '1 et 0', 'Null', 272, 0),
(870, '0 et \\(\\dfrac{3}{5}\\)', 'Null', 272, 0),
(871, '0 et -1', 'Null', 272, 0),
(872, 'Il n\'y a pas d\'antécédent.', 'Null', 272, 1),
(873, '-4', 'Null', 273, 1),
(874, '6', 'Null', 273, 0),
(875, '2', 'Null', 273, 0),
(876, '-2', 'Null', 273, 0),
(877, 'l\'image de -1 par \\(f\\).', 'Null', 274, 0),
(878, 'l\'antécédent de -2 par \\(f\\).', 'Null', 274, 0),
(879, 'l\'image de -2 par f.', 'Null', 274, 1),
(880, 'l\'antécédent de -1 par \\(f\\).', 'Null', 274, 0),
(881, '-5', 'Null', 275, 1),
(882, '5', 'Null', 275, 0),
(883, '-15', 'Null', 275, 0),
(884, '\\(\\frac{5}{3}\\)', 'Null', 275, 0),
(885, '\\(g(8)=18\\)', 'Null', 276, 1),
(886, '\\(g(-8)=18\\)', 'Null', 276, 0),
(887, '\\(g(8)=3\\)', 'Null', 276, 0),
(888, '\\(g(-8)=3\\)', 'Null', 276, 0),
(889, '\\(\\sqrt{36}\\)', 'Null', 277, 0),
(890, '13', 'Null', 277, 0),
(891, '6 \\(\\sqrt{5}\\)', 'Null', 277, 1),
(892, '\\(\\sqrt{108}\\)', 'Null', 277, 0),
(893, 'AB = \\(\\sqrt{(x_B + x_A)^2 - (y_B + y_A)^2}\\)', 'Null', 278, 0),
(894, 'AB = \\(\\sqrt{(x_B - x_A)^2 + (y_B - y_A)^2}\\)', 'Null', 278, 1),
(895, 'AB = \\(\\sqrt{(x_B - x_A)^2 - (y_B - y_A)^2}\\)', 'Null', 278, 0),
(896, 'AB = \\(\\sqrt{(x_B - x_A) + (y_B - y_A)}\\)', 'Null', 278, 0),
(897, ' \\(0,3125 \\times 10^5\\)', 'Null', 279, 0),
(898, '\\(3,125 \\times 10^4\\)', 'Null', 279, 1),
(899, '\\(3,125 \\times 10^{-4}\\)', 'Null', 279, 0),
(900, '\\(31250\\)', 'Null', 279, 0),
(901, '\\(3^7  \\times 2^7\\)', 'Null', 280, 0),
(902, '\\(2,5^4\\times 2^3\\)', 'Null', 280, 0),
(903, '\\(2,5^7\\times 2,5^7\\)', 'Null', 280, 0),
(904, '\\(5^3 \\times 5^4\\)', 'Null', 280, 1),
(905, '\\(2^7\\)', 'Null', 281, 0),
(906, '\\(2^{12}\\)', 'Null', 281, 1),
(907, '2', 'Null', 281, 0),
(908, '\\(8^3\\)', 'Null', 281, 0),
(909, '\\(5^{3 \\times 2}\\)', 'Null', 282, 0),
(910, '\\(5^{3-2}\\)', 'Null', 282, 0),
(911, '\\(5^{3+2}\\)', 'Null', 282, 1),
(912, '\\(5^{\\frac{3}{2}}\\)', 'Null', 282, 0),
(913, '\\(7^{13}\\)', 'Null', 283, 0),
(914, '\\(7^5\\)', 'Null', 283, 1),
(915, '\\(7^{36}\\)', 'Null', 283, 0),
(916, '\\(7^4\\)', 'Null', 283, 0),
(917, '\\(130\\) euros', 'Null', 284, 0),
(918, '\\(165,60\\) euros', 'Null', 284, 1),
(919, '\\(158,54\\) euros', 'Null', 284, 0),
(920, '\\(138\\) euros', 'Null', 284, 0),
(921, '\\(S= \\left\\{-5 ~ ; ~ 1,6 ~ ; 3,4\\right\\}\\)', 'Null', 285, 1),
(922, '\\(S= [-5 ~ ; ~ 3,4] \\)', 'Null', 285, 0),
(923, '\\(S= \\left\\{4 ~ ; ~ -1,6 ~ ; 4,8 \\right\\}\\)', 'Null', 285, 0),
(924, '\\(S= \\left\\{-2 ~ ; ~ -4 ~ ; -1 \\right\\}\\)', 'Null', 285, 0),
(925, '\\(S=[-5,2 ~ ; ~ -3] \\cup ]-2 ~ ; ~ 5,1[\\)', 'Null', 286, 0),
(926, '\\(\\emptyset\\)', 'Null', 286, 0),
(927, '\\(S=[-5,2 ~ ; ~ -3[ \\cup ]-2 ~ ; ~ 5,1[\\)', 'Null', 286, 1),
(928, '\\(S= [-5,2 ~ ; ~ -3[ \\cup [-2 ~ ; ~ 5,1]\\)', 'Null', 286, 0),
(929, '\\(S=[-5,2 ~ ; ~ -4,8[ \\cup [-2,9 ~ ; ~ 1,7] \\cup [3,75 ~ ; ~ 4,6]\\)', 'Null', 287, 0),
(930, ' \\(S=[-4,8 ~ ; ~ -2,9] \\cup [-1,7 ~ ; ~ 3,75]\\)', 'Null', 287, 0),
(931, ' \\(S=\\emptyset\\)', 'Null', 287, 0),
(932, '\\(S=[-5,2 ~ ; ~ -4,8] \\cup [-2,9 ~ ; ~ 1,7] \\cup [3,75 ~ ; ~ 4,6]\\)', 'Null', 287, 1),
(933, ' \\(S= \\left\\{-5 ~ ; ~ 0~ ; 3 ~ ; ~ 4\\right\\}\\)', 'Null', 288, 0),
(934, '\\(S=\\emptyset\\)', 'Null', 288, 0),
(935, ' \\(S= \\left\\{-6 ~ ; ~ -4,1 ~ ; 1,2 ~ ; ~ 3,3\\right\\}\\)', 'Null', 288, 1),
(936, '\\(S=[-6 ~ ; ~ 4]\\)', 'Null', 288, 0),
(937, '\\(S=[-5 ~ ; ~ 2,5] \\cup [1 ~ ; ~ 3,5]\\)', 'Null', 289, 0),
(938, '\\(S=\\emptyset\\)', 'Null', 289, 0),
(939, '\\(S=[2 ~ ; ~ 5] \\cup [1 ~ ; ~ 3,5]\\)', 'Null', 289, 0),
(940, '\\(S=[-5 ~ ; ~ -2,5] \\cup [1 ~ ; ~ 4]\\)', 'Null', 289, 1),
(945, '\\(S= \\left\\{-4 ~ ; ~ 0~ ; 3 ~ ; ~ 4,4\\right\\}\\)', 'Null', 291, 1),
(946, '\\(S= \\left\\{-5 ~ ; ~ -4~ ; -2~ ; ~ 2\\right\\}\\)', 'Null', 291, 0),
(947, ' \\(S=\\emptyset\\)', 'Null', 291, 0),
(948, '\\(S= \\left\\{-4~ ; ~ 1~ ; 3,6\\right\\}\\)', 'Null', 291, 0),
(949, '\\(S= \\left\\{-1 ~ ; ~ 4 \\right\\}\\)', 'Null', 292, 0),
(950, ' \\(S= \\left\\{-4 ~ ; ~ 2\\right\\}\\)', 'Null', 292, 0),
(951, '\\(S= \\left\\{-5 ~ ; ~ 0,5 \\right\\}\\)', 'Null', 292, 1),
(952, ' \\(S=\\emptyset\\)', 'Null', 292, 0),
(953, 'S = ]\\(-\\infty\\) ; 2,5[', 'Null', 293, 1),
(954, 'S = [\\(-\\infty\\) ; 2,5]', 'Null', 293, 0),
(955, 'S = [1 ;\\(-\\infty\\)[', 'Null', 293, 0),
(956, 'S = [\\(-\\infty\\) ; 3[', 'Null', 293, 0),
(957, 'S = ]\\(-\\infty\\) ; 2,5[', 'Null', 294, 1),
(958, 'S = [\\(-\\infty\\) ; 2,5]', 'Null', 294, 0),
(959, 'S = \\( \\emptyset \\)', 'Null', 294, 0),
(960, 'S = [\\(-\\infty\\) ; 3[', 'Null', 294, 0),
(961, '\\(S = {2 ; 3}\\)', 'Null', 295, 0),
(962, '\\(S = {1,6 ; 2}\\)', 'Null', 295, 1),
(963, '\\(S = {4 ; 1}\\)', 'Null', 295, 0),
(964, '\\(S = {7 ; 4}\\)', 'Null', 295, 0),
(965, 'S = ]1,75 ; +\\( \\infty \\)[', 'Null', 296, 0),
(966, 'S = [-\\( \\infty \\) ; 1,75]', 'Null', 296, 0),
(967, 'S = ]-\\( \\infty \\) ; 1,75[', 'Null', 296, 1),
(968, 'S = [1,75 ; +\\( \\infty \\)]', 'Null', 296, 0),
(973, '\\(S=\\emptyset\\)', 'Null', 298, 0),
(974, ' \\(S= \\left\\{4\\right\\}\\)', 'Null', 298, 0),
(975, '\\(S= \\left\\{-5\\right\\}\\)', 'Null', 298, 0),
(976, '\\(S= \\left\\{-1\\right\\}\\)', 'Null', 298, 1),
(977, '', '3ac755ff9f08861b91f1b2227274cb8c.png', 299, 1),
(978, '', 'ec08e539d46bd2b18458ee70ed4b2708.png', 299, 0),
(979, '', '80f4fb1d67f7aac94f6a9484755ae455.png', 299, 0),
(980, '', '791187106e475fe45c5ba859f88fd4c8.png', 299, 0),
(981, '\\( =2x \\times 3x-2x \\times 5=6x^{2}-10x=-4x^{2} \\)', 'Null', 300, 0),
(982, '\\( =2x \\times 3x-2x \\times 5=6x^{2}-10x \\)', 'Null', 300, 1),
(983, '\\( =2x+3x\\times 2x-5=5x \\times 2x-5 = 10x-5 \\)', 'Null', 300, 0),
(984, '\\( =2x+3x-2x-5=5x-2x-5=3x-5 \\)', 'Null', 300, 0),
(1001, '+ 0,9 %', 'Null', 305, 0),
(1002, '+1,3 %', 'Null', 305, 1),
(1003, '+ 12,8 %', 'Null', 305, 0),
(1004, '+ 0,12 %', 'Null', 305, 0),
(1005, '8,9', 'Null', 306, 0),
(1006, '0,089', 'Null', 306, 0),
(1007, '0,911', 'Null', 306, 1),
(1008, '1,089', 'Null', 306, 0),
(1009, '30 €', 'Null', 307, 0),
(1010, '20 €', 'Null', 307, 0),
(1011, '31,25 €', 'Null', 307, 1),
(1012, '25,20 €', 'Null', 307, 0),
(1017, '624 €', 'Null', 309, 0),
(1018, '518 €', 'Null', 309, 0),
(1019, '416 €', 'Null', 309, 1),
(1020, '500 €', 'Null', 309, 0),
(1021, 'multiplier par 1,55', 'Null', 310, 0),
(1022, 'diviser par 1,55', 'Null', 310, 0),
(1023, 'multiplier par 1,055', 'Null', 310, 0),
(1024, 'diviser par 1,055', 'Null', 310, 1),
(1025, '400 %', 'Null', 311, 0),
(1026, '300 %', 'Null', 311, 1),
(1027, '4 %', 'Null', 311, 0),
(1028, '3%', 'Null', 311, 0),
(1029, '1014 €', 'Null', 312, 0),
(1030, '874,65 €', 'Null', 312, 1),
(1031, '746,50 €', 'Null', 312, 0),
(1032, '927,15 €', 'Null', 312, 0),
(1033, 'baisse de 6,01 %', 'Null', 313, 0),
(1034, 'baisse de 6,40 %', 'Null', 313, 0),
(1035, 'hausse de 6,40 %', 'Null', 313, 1),
(1036, 'hausse de 6,01 %', 'Null', 313, 0),
(1037, '1569,4 €', 'Null', 314, 0),
(1038, '1734,6 €', 'Null', 314, 1),
(1039, '1652,05 €', 'Null', 314, 0),
(1040, '1750,2 €', 'Null', 314, 0),
(1041, '', '8e741bfb447f2bb7970fa810c36c87f1.png', 315, 0),
(1042, '', '04c562c34f7ac8dc9194164188608a62.png', 315, 0),
(1043, '', 'a9dcfcb4d0d52ed102b36e69100abcbe.png', 315, 0),
(1044, '', 'b64032084133a167e32ab240a78baa26.png', 315, 1),
(1045, '\\(]2,2 ~ ; ~ 5,6[ ~\\cup ~ ]8,7 ~ ; ~ 12,6[\\)', 'Null', 316, 1),
(1046, '\\([5,5~ ; ~ 8,7]\\)', 'Null', 316, 0),
(1047, '\\([8,7 ~ ; ~ 12]\\)', 'Null', 316, 0),
(1048, ' \\([5,5 ~ ; ~ 8,7[ ~\\cup ~ ]12 ~ ; ~ +\\infty[\\)', 'Null', 316, 0),
(1049, ' \\(\\emptyset\\)', 'Null', 317, 0),
(1050, '\\(\\left\\{1 ~ ; ~ 4\\right\\}\\)', 'Null', 317, 0),
(1051, '\\(\\left\\{1,2 ~ ; ~ 3\\right\\}\\)', 'Null', 317, 1),
(1052, '\\(\\left\\{4\\right\\}\\)', 'Null', 317, 0),
(1053, '\\({3}\\)', 'Null', 318, 0),
(1054, '\\([-4;4]\\)', 'Null', 318, 1),
(1055, 'Il n\'y a pas de solution.', 'Null', 318, 0),
(1056, '\\({-4;4}\\)', 'Null', 318, 0),
(1057, '\\(V_{i} - V_{f} \\)', 'Null', 319, 0),
(1058, '\\( \\dfrac{V_{i} - V_{f}}{V_{i}} \\)', 'Null', 319, 0),
(1059, '\\(V_{f} - V_{i} \\)', 'Null', 319, 1),
(1060, '\\( \\dfrac{V_{f} - V_{i}}{V_{f}} \\)', 'Null', 319, 0),
(1061, 'Il s\'agit d\'une baisse globale de 37 %.', 'Null', 320, 1),
(1062, 'Il s\'agit d\'une baisse globale de 35 %.', 'Null', 320, 0),
(1063, 'Il s\'agit d\'une baisse globale de 38 %.', 'Null', 320, 0),
(1064, 'Il s\'agit d\'une baisse globale de 34 %.', 'Null', 320, 0),
(1065, '+ 63 %', 'Null', 321, 0),
(1066, '- 40 %', 'Null', 321, 0),
(1067, '+ 20 %', 'Null', 321, 0),
(1068, '- 37 %', 'Null', 321, 1),
(1069, 'environ 14,5 %', 'Null', 322, 0),
(1070, 'environ 11,9 %', 'Null', 322, 0),
(1071, 'environ 11,1 %', 'Null', 322, 1),
(1072, 'environ 10 %', 'Null', 322, 0),
(1073, '416 habitants', 'Null', 323, 0),
(1074, '5011 habitants', 'Null', 323, 0),
(1075, '508 habitants', 'Null', 323, 1),
(1076, '623 habitants', 'Null', 323, 0),
(1077, '\\(x\\) n\'appartient pas à \\(\\mathbb{D}\\)', 'Null', 324, 0),
(1078, '\\(x\\) n\'appartient pas à \\(\\mathbb{R}\\)', 'Null', 324, 0),
(1079, '\\(x\\) n\'appartient pas à \\(\\mathbb{Q}\\)', 'Null', 324, 1),
(1080, '\\(x\\) n\'appartient pas à \\(\\mathbb{Z}\\)', 'Null', 324, 0),
(1081, 'l\'ensemble des réels appartenant à I mais pas à J', 'Null', 325, 0),
(1082, 'l\'ensemble des réels appartenant à I ou à J', 'Null', 325, 1),
(1083, 'l\'ensemble des réels appartenant à J mais pas à I', 'Null', 325, 0),
(1084, 'l\'ensemble des réels appartenant à la fois à I et à J', 'Null', 325, 0),
(1085, '\\(\\mathbb{Q}\\)', 'Null', 326, 0),
(1086, '\\(\\mathbb{R}\\)', 'Null', 326, 0),
(1087, '\\(\\mathbb{Z}\\)', 'Null', 326, 0),
(1088, '\\(\\mathbb{D}\\)', 'Null', 326, 1),
(1089, '\\(0,4285 \\le \\frac{3}{7} < 0,4295\\)', 'Null', 327, 0),
(1090, '\\(0,42 < \\frac{3}{7} < 0,43\\)', 'Null', 327, 1),
(1091, '\\(0,429 < \\frac{3}{7} < 0,430\\)', 'Null', 327, 0),
(1092, '\\(0,428 \\le \\frac{3}{7} < 0,430\\)', 'Null', 327, 0),
(1093, '0,3', 'Null', 328, 0),
(1094, '0,33', 'Null', 328, 1),
(1095, '0,34', 'Null', 328, 0),
(1096, '0,333', 'Null', 328, 0),
(1097, 'l\'orthocentre', 'Null', 329, 0),
(1098, 'le centre de gravité du triangle', 'Null', 329, 0),
(1099, 'le centre du cercle circonscrit au triangle.', 'Null', 329, 1),
(1100, 'le centre du cercle inscrit dans le triangle.', 'Null', 329, 0),
(1101, 'l\'orthocentre du triangle', 'Null', 330, 0),
(1102, 'le centre de gravité du triangle', 'Null', 330, 1),
(1103, 'le centre du cercle circonscrit au triangle.', 'Null', 330, 0),
(1104, 'le centre du cercle inscrit dans le triangle', 'Null', 330, 0),
(1105, 'l\'orthocentre du triangle', 'Null', 331, 1),
(1106, 'le centre de gravité du triangle', 'Null', 331, 0),
(1107, 'le centre du cercle circonscrit au triangle.', 'Null', 331, 0),
(1108, 'le centre du cercle inscrit dans le triangle', 'Null', 331, 0),
(1109, 'l\'orthocentre du triangle', 'Null', 332, 0),
(1110, 'le centre de gravité du triangle', 'Null', 332, 0),
(1111, 'le centre du cercle circonscrit au triangle.', 'Null', 332, 0),
(1112, 'le centre du cercle inscrit dans le triangle', 'Null', 332, 1),
(1121, '\\((2x)^2 = 2x^2\\) ', 'Null', 334, 0),
(1122, '\\((-2x)^2 = -4x^2\\)  ', 'Null', 334, 0),
(1123, '\\(-2x^2 = 4x^2\\) ', 'Null', 334, 0),
(1124, '\\(-(2x)^2 = -4x^2\\)', 'Null', 334, 1),
(1125, '\\(3x^2 - 5x - 2\\)', 'Null', 336, 1),
(1126, '\\(3x^2 - 2\\) ', 'Null', 336, 0),
(1127, '\\(3x^2 + 7x + 2\\) ', 'Null', 336, 0),
(1128, '\\((x + 3x)\\times(-2 + 3x)\\times(x + 1)\\times(-2x + 1)\\)  ', 'Null', 336, 0),
(1129, '\\(-2x^2 + 5x + 3\\)  ', 'Null', 337, 0),
(1130, '\\(-2x^2 + x + 3\\) ', 'Null', 337, 0),
(1131, '\\(-2x^2- x + 3\\)', 'Null', 337, 1),
(1132, 'il n\'y a pas de bonne réponse', 'Null', 337, 0),
(1133, '\\((4x - 3)(4x + 3)\\) ', 'Null', 338, 0),
(1134, '\\((4x - 3)^2\\) ', 'Null', 338, 0),
(1135, '\\((2x - 3)(2x + 3)\\)  ', 'Null', 338, 1),
(1136, '\\((2x - 3)^2\\)', 'Null', 338, 0),
(1137, '\\(\\dfrac{49}{3}\\) ', 'Null', 339, 0),
(1138, '\\(\\dfrac{3}{70}\\) ', 'Null', 339, 0),
(1139, '\\(\\dfrac{42}{5}\\) ', 'Null', 339, 0),
(1140, '\\(\\dfrac{1}{12}\\)', 'Null', 339, 1),
(1141, '\\(\\dfrac{1}{3(a-b)}\\) ', 'Null', 340, 0),
(1142, '\\(\\dfrac{1}{3a} + (-b)\\)', 'Null', 340, 0),
(1143, '\\(\\dfrac{1}{3a} - \\dfrac{1}{b}\\)', 'Null', 340, 0),
(1144, '\\(\\dfrac{1}{3a-b}\\) ', 'Null', 340, 1),
(1145, '36 km ', 'Null', 341, 0),
(1146, '43,2 km ', 'Null', 341, 0),
(1147, '72 km ', 'Null', 341, 1),
(1148, '4320 km ', 'Null', 341, 0),
(1149, '1600 ', 'Null', 342, 0),
(1150, '1720 ', 'Null', 342, 0),
(1151, '1520 ', 'Null', 342, 0),
(1152, '1864 ', 'Null', 342, 1),
(1153, 'à la somme des chiffres de son cube ', 'Null', 343, 1),
(1154, 'aucune des trois autres propositions ', 'Null', 343, 0),
(1155, 'au cube de la somme de ses chiffres ', 'Null', 343, 0),
(1156, 'à la somme des cubes de ses chiffres ', 'Null', 343, 0),
(1157, '\\(\\dfrac{10^{4}}{10^{-1}}\\)  ', 'Null', 344, 1),
(1158, '\\(10^{2} + 10^{3}\\) ', 'Null', 344, 0),
(1159, '\\(\\dfrac{10^{-1}\\times10^{5}}{10}\\)  ', 'Null', 344, 0),
(1160, '(\\(10^{2})^{3}\\) ', 'Null', 344, 0),
(1161, '\\(\\dfrac{123}{10^6}\\) ', 'Null', 345, 0),
(1162, '\\(1,23 \\times 10^{-5}\\) ', 'Null', 345, 1),
(1163, '\\(123 \\times 10^{-6}\\) ', 'Null', 345, 0),
(1164, '0,000123 ', 'Null', 345, 0),
(1165, '\\(m = \\sqrt{ab}\\) ou \\(m = -\\sqrt{ab}\\)  ', 'Null', 346, 1),
(1166, '\\(m = \\dfrac{ab}{2}\\) ', 'Null', 346, 0),
(1167, '\\(m = (ab)^2\\) ', 'Null', 346, 0),
(1168, '\\(m = \\sqrt{ab}\\) ', 'Null', 346, 0),
(1173, '\\(\\overrightarrow{EB}\\)', 'Null', 348, 0),
(1174, '\\(\\overrightarrow{BE}\\)', 'Null', 348, 0),
(1175, '\\(\\overrightarrow{OF}\\)', 'Null', 348, 0),
(1176, '\\(\\overrightarrow{0}\\)', 'Null', 348, 1),
(1177, '\\((-4 ; -4)\\)', 'Null', 349, 0),
(1178, '\\((13 ; 2)\\)', 'Null', 349, 0),
(1179, '\\(- 24\\)', 'Null', 349, 1),
(1180, '\\(-6\\)', 'Null', 349, 0),
(1181, '\\(\\vec{w}\\) et \\(\\vec{j}\\) sont colinéaires', 'Null', 350, 1),
(1182, '\\(\\vec{i}\\) et \\(\\vec{j}\\) sont égaux', 'Null', 350, 0),
(1183, '\\(\\vec{v}\\) et \\(\\vec{t}\\) sont égaux', 'Null', 350, 0),
(1184, '\\(\\vec{v}\\) et \\(\\vec{i}\\) sont de même sens', 'Null', 350, 0),
(1185, '\\((-4 ; -4)\\)', 'Null', 351, 0);
INSERT INTO `proposition` (`id`, `text`, `image`, `idQuestion`, `valide`) VALUES
(1186, '\\((13 ; 2)\\)', 'Null', 351, 0),
(1187, '-14', 'Null', 351, 1),
(1188, '14', 'Null', 351, 0),
(1189, '1,25', 'Null', 352, 0),
(1190, '0,80', 'Null', 352, 1),
(1191, '-1,25', 'Null', 352, 0),
(1192, '-0,80', 'Null', 352, 0),
(1193, '-2 \\(\\overrightarrow{i}\\) + 2 \\(\\overrightarrow{j}\\)', 'Null', 353, 1),
(1194, '2 \\(\\overrightarrow{i}\\) - 2 \\(\\overrightarrow{j}\\)', 'Null', 353, 0),
(1195, '2 \\(\\overrightarrow{i}\\) + 2 \\(\\overrightarrow{j}\\)', 'Null', 353, 0),
(1196, '-2 \\(\\overrightarrow{i}\\) - 2 \\(\\overrightarrow{j}\\)', 'Null', 353, 0),
(1197, 'ne sont pas de même sens', 'Null', 354, 0),
(1198, 'sont de même norme', 'Null', 354, 1),
(1199, 'sont opposés', 'Null', 354, 0),
(1200, 'n\'ont pas la même direction', 'Null', 354, 0),
(1201, 'ont le même sens', 'Null', 355, 0),
(1202, 'ont la même direction', 'Null', 355, 1),
(1203, 'ont la même norme', 'Null', 355, 0),
(1204, 'ont la même longueur', 'Null', 355, 0),
(1205, '2 et -2 ', 'Null', 356, 1),
(1206, '2 seulement', 'Null', 356, 0),
(1207, '\\(4^2 \\)', 'Null', 356, 0),
(1208, 'il n\'y en a pas', 'Null', 356, 0),
(1209, '\\({-1}\\)', 'Null', 357, 1),
(1210, '\\({1}\\)', 'Null', 357, 0),
(1211, '\\({-1;1}\\)', 'Null', 357, 0),
(1212, '\\({0}\\)', 'Null', 357, 0),
(1213, 'égal à 1', 'Null', 358, 0),
(1214, 'différent de 0 ', 'Null', 358, 0),
(1215, 'égal à 0', 'Null', 358, 1),
(1216, 'On ne peut pas savoir il manque des données.', 'Null', 358, 0),
(1217, '1', 'Null', 359, 0),
(1218, '2', 'Null', 359, 0),
(1219, '3', 'Null', 359, 1),
(1220, '4', 'Null', 359, 0),
(1221, '\\(f(x) = \\dfrac{7x - 8}{7}\\)  ', 'Null', 360, 0),
(1222, '\\(f(x) = \\dfrac{8x + 2}{17}\\) ', 'Null', 360, 0),
(1223, '\\(f(x) = -3\\)  ', 'Null', 360, 0),
(1224, '\\(f(x) = 8\\sqrt x + 2\\) ', 'Null', 360, 1),
(1225, '4', 'Null', 361, 1),
(1226, '7', 'Null', 361, 0),
(1227, '\\(\\frac{4}{7}\\)', 'Null', 361, 0),
(1228, '\\(\\frac{7}{4}\\)', 'Null', 361, 0),
(1229, '12', 'Null', 362, 1),
(1230, '5', 'Null', 362, 0),
(1231, '13', 'Null', 362, 0),
(1232, '18', 'Null', 362, 0),
(1233, ' \\(\\left(\\dfrac{2}{3} ~ ; ~ \\dfrac{2}{3}\\right)\\)', 'Null', 363, 0),
(1234, '\\(\\left(\\dfrac{2}{3} ~ ; ~ -1\\right)\\)', 'Null', 363, 1),
(1235, '\\(\\left(-3~ ; ~ \\dfrac{3}{2}\\right)\\)', 'Null', 363, 0),
(1236, '\\((-3 ~ ; ~ -2)\\)', 'Null', 363, 0),
(1237, 'Le quadrilatère \\(ABCD\\) est un parallélogramme.', 'Null', 364, 0),
(1238, 'Les milieux de \\([AC]\\) et de \\([BD]\\) sont confondus.', 'Null', 364, 0),
(1239, 'Le quadrilatère \\(ABCD\\) est un losange.', 'Null', 364, 0),
(1240, 'Le milieu de \\([AC]\\) a pour coordonnées \\((4,25 ; 3)\\).', 'Null', 364, 1),
(1241, '\\(Q(1 ; 3)\\)', 'Null', 365, 0),
(1242, '\\(Q(5 ; -2)\\)', 'Null', 365, 0),
(1243, '\\(Q(5 ; 0)\\)', 'Null', 365, 1),
(1244, '\\(Q(4 ; -5)\\)', 'Null', 365, 0),
(1245, '\\(J(12 ; 8)\\)', 'Null', 366, 0),
(1246, '\\(J(3 ; -2)\\)', 'Null', 366, 1),
(1247, '\\(J(6 ; -4)\\)', 'Null', 366, 0),
(1248, '\\(J(5 ; -1,5)\\)', 'Null', 366, 0),
(1249, '\\(N(4 ; 1)\\)', 'Null', 367, 0),
(1250, '\\(N(5 ; \\frac{1}{2})\\)', 'Null', 367, 0),
(1251, '\\(N(5 ; 0,25)\\)', 'Null', 367, 1),
(1252, '\\(N(0,5 ; 5)\\)', 'Null', 367, 0),
(1253, '\\(M(3,5 ; 6,5)\\)', 'Null', 368, 0),
(1254, '\\(M(5 ; 3)\\)', 'Null', 368, 0),
(1255, '\\(M(4 ; 6)\\)', 'Null', 368, 1),
(1256, '\\(M(8,4 ; 9)\\)', 'Null', 368, 0),
(1257, '\\(202,40\\) euros', 'Null', 369, 1),
(1258, '\\(143,00\\) euros', 'Null', 369, 0),
(1259, '\\(227,70\\) euros', 'Null', 369, 0),
(1260, '\\(212,30\\) euros', 'Null', 369, 0),
(1261, '\\(\\left(\\dfrac{3}{4},{5}{4}\\right)\\)', 'Null', 370, 0),
(1262, '\\(\\left(\\dfrac{12}{11} ; \\dfrac{12}{19}\\right)\\)', 'Null', 370, 0),
(1263, '\\(\\left(\\dfrac{11}{12} ; \\dfrac{19}{12}\\right)\\)', 'Null', 370, 1),
(1264, '\\(\\left(\\dfrac{4}{3} ; \\dfrac{4}{5}\\right)\\)', 'Null', 370, 0),
(1265, '\\(1\\)', 'Null', 371, 0),
(1266, '\\(0\\)', 'Null', 371, 1),
(1267, '\\(2\\)', 'Null', 371, 0),
(1268, '\\(5\\)', 'Null', 371, 0),
(1269, '\\(D(-5 ; -2)\\)', 'Null', 372, 0),
(1270, '\\(D(-2 ; -5)\\)', 'Null', 372, 0),
(1271, '\\(D(2 ; 5)\\)', 'Null', 372, 0),
(1272, '\\(D(5 ; 2)\\)', 'Null', 372, 1),
(1273, '\\(-43\\)', 'Null', 373, 1),
(1274, '\\(0\\)', 'Null', 373, 0),
(1275, '\\(11\\)', 'Null', 373, 0),
(1276, '\\(42\\)', 'Null', 373, 0),
(1277, '\\(D(-2 ; 2)\\)', 'Null', 374, 0),
(1278, '\\(D(2 ; 1)\\)', 'Null', 374, 0),
(1279, '\\(D(-3 ; 5)\\)', 'Null', 374, 0),
(1280, '\\(D(-7 ; -4)\\)', 'Null', 374, 1),
(1281, '\\((-15,6 ; 9)\\)', 'Null', 375, 0),
(1282, '\\((-12,5 ; -10,3)\\)', 'Null', 375, 1),
(1283, '\\((6 ; 9)\\)', 'Null', 375, 0),
(1284, '\\((17,5 ; -10,3)\\)', 'Null', 375, 0),
(1285, '\\((-7 ; 1)\\)', 'Null', 376, 1),
(1286, '\\((-1 ; 1)\\)', 'Null', 376, 0),
(1287, '\\((7 ; 1)\\)', 'Null', 376, 0),
(1288, '\\((2 ; 1)\\)', 'Null', 376, 0),
(1289, '\\(0\\)', 'Null', 377, 1),
(1290, '\\(14\\)', 'Null', 377, 0),
(1291, '\\(48\\)', 'Null', 377, 0),
(1292, '\\(-60\\)', 'Null', 377, 0),
(1293, '\\((-6 ; -1)\\)', 'Null', 378, 0),
(1294, '\\((4 ; -2)\\)', 'Null', 378, 0),
(1295, '\\((-6 ; 1)\\)', 'Null', 378, 1),
(1296, '\\((0 ; 0)\\)', 'Null', 378, 0),
(1297, '\\(-34\\)', 'Null', 379, 0),
(1298, '\\(-98\\)', 'Null', 379, 1),
(1299, '\\(0\\)', 'Null', 379, 0),
(1300, '\\(-188\\)', 'Null', 379, 0),
(1301, '\\(-45\\)', 'Null', 380, 0),
(1302, '\\(9\\)', 'Null', 380, 0),
(1303, '\\(-375\\)', 'Null', 380, 0),
(1304, '\\(0\\)', 'Null', 380, 1),
(1305, 'Seulement à \\(\\mathbb{N}\\)', 'Null', 381, 0),
(1306, '\\(\\mathbb{Z},\\mathbb{D},\\mathbb{Q},\\mathbb{R}\\)', 'Null', 381, 1),
(1307, '\\(\\mathbb{D},\\mathbb{Q},\\mathbb{R}\\)', 'Null', 381, 0),
(1308, 'aucun ensemble connu.', 'Null', 381, 0),
(1309, '\\(\\mathbb{D}\\)', 'Null', 382, 0),
(1310, '\\(\\mathbb{Z}\\)', 'Null', 382, 0),
(1311, '\\(\\mathbb{N}\\)', 'Null', 382, 0),
(1312, '\\(\\mathbb{Q}\\)', 'Null', 382, 1),
(1313, '\\((3,5 ; 6)\\)', 'Null', 383, 1),
(1314, '\\((7 ; 12)\\)', 'Null', 383, 0),
(1315, '\\((3 ; 6)\\)', 'Null', 383, 0),
(1316, '\\((9 ; 36)\\)', 'Null', 383, 0),
(1317, '\\(6(x-1)\\)', 'Null', 384, 0),
(1318, '\\(5x^2+1\\)', 'Null', 384, 1),
(1319, '\\(-3x^2\\)', 'Null', 384, 0),
(1320, '\\(5x^2+2\\)', 'Null', 384, 0),
(1321, '\\(543\\)', 'Null', 385, 0),
(1322, '\\(544\\)', 'Null', 385, 0),
(1323, '\\(545\\)', 'Null', 385, 1),
(1324, '\\(546\\)', 'Null', 385, 0),
(1325, '\\(21\\)', 'Null', 386, 0),
(1326, '\\(35\\)', 'Null', 386, 0),
(1327, '\\(60\\)', 'Null', 386, 1),
(1328, '\\(16\\)', 'Null', 386, 0),
(1329, '\\(16\\)', 'Null', 387, 0),
(1330, '\\(24,3\\)', 'Null', 387, 1),
(1331, '\\(24,7\\)', 'Null', 387, 0),
(1332, '\\(25,2\\)', 'Null', 387, 0),
(1333, '\\(154\\)€', 'Null', 388, 0),
(1334, '\\(1050\\)€', 'Null', 388, 0),
(1335, '\\(10,9475\\)€', 'Null', 388, 0),
(1336, '\\(1093,75\\)€', 'Null', 388, 1),
(1337, 'Le point de coordonnées \\(3\\) et \\(4\\) appartient à la fonction \\(f\\).', 'Null', 389, 0),
(1338, 'Le point de coordonnées \\((4 ; 3)\\) appartient à la courbe représentative de \\(f\\).', 'Null', 389, 0),
(1339, 'Le point de coordonnées \\((3 ; 4)\\) appartient à la fonction \\(f\\).', 'Null', 389, 0),
(1340, 'Le point de coordonnées \\((3 ; 4)\\) appartient à la courbe représentative de \\(f\\).   ', 'Null', 389, 1),
(1341, '\\(x^2+x-6\\)', 'Null', 390, 1),
(1342, '\\(x^2-5x+6\\)', 'Null', 390, 0),
(1343, '\\(x^2-6\\)', 'Null', 390, 0),
(1344, '\\(x^2-5x-6\\)', 'Null', 390, 0),
(1345, '\\(\\overrightarrow{AB}\\) et \\(\\overrightarrow{ED}\\)', 'Null', 391, 0),
(1346, '\\(\\overrightarrow{CD}\\) et \\(\\overrightarrow{AD}\\)', 'Null', 391, 0),
(1347, '\\(\\overrightarrow{CB}\\) et \\(\\overrightarrow{EF}\\)', 'Null', 391, 1),
(1348, '\\(\\overrightarrow{AC}\\) et \\(\\overrightarrow{FD}\\)', 'Null', 391, 0),
(1349, '\\(-46\\)', 'Null', 392, 0),
(1350, '\\(46\\)', 'Null', 392, 0),
(1351, '\\(52\\)', 'Null', 392, 1),
(1352, '\\(28\\)', 'Null', 392, 0),
(1353, '\\(\\left\\{-1 ~ ; ~ 1\\right\\}\\)', 'Null', 393, 0),
(1354, '\\(\\left\\{-0,2\\right\\}\\)', 'Null', 393, 0),
(1355, '\\(\\emptyset\\)', 'Null', 393, 1),
(1356, '\\(\\left\\{-2 ~ ; ~ 2\\right\\}\\)', 'Null', 393, 0),
(1357, '\\(E(9 ~ ; ~ -8)\\)', 'Null', 394, 0),
(1358, '\\(E(-5 ~ ; ~ 7)\\)', 'Null', 394, 0),
(1359, '\\(E(3 ~ ; ~ -4)\\)', 'Null', 394, 0),
(1360, '\\(E(-5 ~ ; ~ 6)\\)', 'Null', 394, 1),
(1361, ' \\((2 ~ ; ~ 8)\\)', 'Null', 395, 0),
(1362, '\\((5~ ; ~ 12)\\)', 'Null', 395, 0),
(1363, '\\((1~ ; ~ 4)\\)', 'Null', 395, 1),
(1364, '\\((6 ~ ; ~ 7)\\)', 'Null', 395, 0),
(1365, '8 et -0,5', 'Null', 396, 0),
(1366, '8 et 0,5', 'Null', 396, 0),
(1367, '0 et 0,5', 'Null', 396, 0),
(1368, '0 et -0,5', 'Null', 396, 1),
(1369, '\\(\\overrightarrow{OP}\\)', 'Null', 397, 0),
(1370, '\\(\\overrightarrow{NP}\\)', 'Null', 397, 1),
(1371, '\\(\\overrightarrow{OK}\\)', 'Null', 397, 0),
(1372, '\\(\\overrightarrow{PN}\\)', 'Null', 397, 0),
(1373, '\\((2x+12)²\\)', 'Null', 398, 0),
(1374, '\\((4x-12)²\\)', 'Null', 398, 0),
(1375, '\\((2x-12)²\\)', 'Null', 398, 1),
(1376, '\\((2x-72)²\\)', 'Null', 398, 0),
(1377, '\\(D(11;7)\\)', 'Null', 399, 0),
(1378, '\\(D(7;11)\\)', 'Null', 399, 0),
(1379, '\\(D(3;3)\\)', 'Null', 399, 1),
(1380, '\\(D(-3;-3)\\)', 'Null', 399, 0),
(1381, '-2 et -0,5', 'Null', 400, 1),
(1382, '-2 et 0,5', 'Null', 400, 0),
(1383, '-2 et -4,5', 'Null', 400, 0),
(1384, '-2 et 4,5', 'Null', 400, 0),
(1385, '\\((16-16x)(16+16x)\\)', 'Null', 401, 0),
(1386, '\\((4-4x)(4+4x)\\)', 'Null', 401, 1),
(1387, '\\((8-8x)(8+8x)\\)', 'Null', 401, 0),
(1388, '\\((4-16x)(4+16x)\\)', 'Null', 401, 0),
(1389, '\\((2;-2)\\)', 'Null', 402, 0),
(1390, '\\((12;12)\\)', 'Null', 402, 0),
(1391, '\\((-2;2)\\)', 'Null', 402, 1),
(1392, '\\((14;10)\\)', 'Null', 402, 0),
(1393, '\\((8;4)\\)', 'Null', 403, 0),
(1394, '\\((5;8)\\)', 'Null', 403, 0),
(1395, '\\((-3;-2)\\)', 'Null', 403, 0),
(1396, '\\((3;2)\\)', 'Null', 403, 1),
(1397, '\\((4x+2)(2x+5)\\)', 'Null', 404, 1),
(1398, '\\((4x+2)(2x-1)\\)', 'Null', 404, 0),
(1399, '\\((4x+2)(6x+5)\\)', 'Null', 404, 0),
(1400, '\\((4x+2)(2x-3)\\)', 'Null', 404, 0),
(1401, '\\((4x-11)(4x+11)\\)', 'Null', 405, 0),
(1402, '\\((4x-121)(4x+121)\\)', 'Null', 405, 0),
(1403, '\\((2x-11)(2x+11)\\)', 'Null', 405, 1),
(1404, '\\((2x-121)(2x+121)\\)', 'Null', 405, 0),
(1405, '\\((8;1)\\)', 'Null', 406, 0),
(1406, '\\((-8;-1)\\)', 'Null', 406, 1),
(1407, '\\((2;11)\\)', 'Null', 406, 0),
(1408, '\\((-1;-8)\\)', 'Null', 406, 0),
(1409, '\\((8;1)\\)', 'Null', 407, 0),
(1410, '\\((10;-3)\\)', 'Null', 407, 0),
(1411, '\\((3;10)\\)', 'Null', 407, 0),
(1412, '\\((-8;-1)\\)', 'Null', 407, 1),
(1413, '\\(\\overrightarrow{AE}\\)', 'Null', 408, 0),
(1414, '\\(-\\overrightarrow{EA}\\)', 'Null', 408, 0),
(1415, '\\(\\overrightarrow{CA}\\)', 'Null', 408, 0),
(1416, '\\(\\overrightarrow{AC}\\)', 'Null', 408, 1),
(1417, '\\(x(x+6)\\)', 'Null', 409, 1),
(1418, '\\((x+12)(x-12)\\)', 'Null', 409, 0),
(1419, '\\((x-6)(x+12)\\)', 'Null', 409, 0),
(1420, '\\((x+6)(x-6)\\)', 'Null', 409, 0),
(1421, '\\((-3x+3)(11x+7)\\)', 'Null', 410, 0),
(1422, '\\((-3x+3)(11x+3)\\)', 'Null', 410, 0),
(1423, '\\((-3x+7)(11x+3)\\)', 'Null', 410, 1),
(1424, '\\((-3x+7)(3x+7)\\)', 'Null', 410, 0),
(1425, '\\(D(4;-2)\\)', 'Null', 411, 1),
(1426, '\\(D(-4;2)\\)', 'Null', 411, 0),
(1427, '\\(D(2;-4)\\)', 'Null', 411, 0),
(1428, '\\(D(-4;-2)\\)', 'Null', 411, 0),
(1429, '10%', 'Null', 412, 0),
(1430, '1,08%', 'Null', 412, 0),
(1431, '8%', 'Null', 412, 1),
(1432, '11%', 'Null', 412, 0),
(1433, '15%', 'Null', 413, 0),
(1434, '24%', 'Null', 413, 1),
(1435, '20%', 'Null', 413, 0),
(1436, '25%', 'Null', 413, 0),
(1437, '8,62€', 'Null', 414, 0),
(1438, '10,38€', 'Null', 414, 0),
(1439, '8,36€', 'Null', 414, 1),
(1440, '10,79€', 'Null', 414, 0),
(1441, '\\(-4\\)%', 'Null', 415, 1),
(1442, '\\(0\\)%', 'Null', 415, 0),
(1443, '\\(100\\)%', 'Null', 415, 0),
(1444, '\\(0,96\\)%', 'Null', 415, 0),
(1445, '190,90€', 'Null', 416, 1),
(1446, '213€', 'Null', 416, 0),
(1447, '269,10€', 'Null', 416, 0),
(1448, '213,90€', 'Null', 416, 0),
(1449, '595€', 'Null', 417, 0),
(1450, '440€', 'Null', 417, 0),
(1451, '502,5€', 'Null', 417, 0),
(1452, '450€', 'Null', 417, 1),
(1453, '\\(\\overrightarrow{BC}\\)', 'Null', 418, 0),
(1454, '2\\(\\overrightarrow{DB}\\)', 'Null', 418, 1),
(1455, '2\\(\\overrightarrow{CD}\\)', 'Null', 418, 0),
(1456, '\\(\\overrightarrow{0}\\)', 'Null', 418, 0),
(1457, '\\(\\overrightarrow{AB}\\) =\\(\\overrightarrow{ED}\\) ', 'Null', 419, 0),
(1458, '\\(\\overrightarrow{CB}\\) =\\(\\overrightarrow{AD}\\) ', 'Null', 419, 0),
(1459, '\\(\\overrightarrow{CB}\\) =\\(\\overrightarrow{EF}\\) ', 'Null', 419, 1),
(1460, '\\(\\overrightarrow{EB}\\) =\\(\\overrightarrow{CF}\\) ', 'Null', 419, 0),
(1461, 'Oui.', 'Null', 420, 0),
(1462, 'Non car ils n\'ont pas la même norme.', 'Null', 420, 0),
(1463, 'Non car ils n\'ont pas la même direction.', 'Null', 420, 0),
(1464, 'Non car ils n\'ont pas le même sens.', 'Null', 420, 1),
(1465, '\\((3;4)\\)', 'Null', 421, 0),
(1466, '\\((2;3)\\)', 'Null', 421, 0),
(1467, '\\((4;3)\\)', 'Null', 421, 1),
(1468, '\\((6;2)\\)', 'Null', 421, 0),
(1469, '\\((2;8)\\)', 'Null', 422, 1),
(1470, '\\((-2;-8)\\)', 'Null', 422, 0),
(1471, '\\((8;10)\\)', 'Null', 422, 0),
(1472, '\\((8;2)\\)', 'Null', 422, 0),
(1473, 'rectangle', 'Null', 423, 0),
(1474, 'parallélogramme', 'Null', 423, 1),
(1475, 'quadrilatère quelconque', 'Null', 423, 0),
(1476, 'losange', 'Null', 423, 0),
(1477, '\\(BC = AB\\)', 'Null', 424, 0),
(1478, '\\(\\overrightarrow{AB}\\) = \\(\\overrightarrow{CD}\\)', 'Null', 424, 0),
(1479, '\\(\\overrightarrow{AB}\\) = - \\(\\overrightarrow{CD}\\)', 'Null', 424, 1),
(1480, '\\(\\overrightarrow{AB}\\) = \\(\\overrightarrow{AD}\\)', 'Null', 424, 0),
(1481, '\\(\\sqrt{15}\\)', 'Null', 425, 0),
(1482, '\\(\\sqrt{52}\\)', 'Null', 425, 0),
(1483, '2\\(\\sqrt{5}\\)', 'Null', 425, 1),
(1484, '\\(\\sqrt{2}\\)', 'Null', 425, 0),
(1485, '\\(f(x) = x^2 +4\\)', 'Null', 426, 0),
(1486, '\\(f(x) = 3x-2x \\)', 'Null', 426, 0),
(1487, '\\(f(x) = 2x -1\\)', 'Null', 426, 1),
(1488, '\\(f(x) = 8x -x\\)', 'Null', 426, 0),
(1489, '\\(A(4;1)\\)', 'Null', 427, 0),
(1490, '\\(B(-3;2)\\)', 'Null', 427, 0),
(1491, '\\(C(-6;2)\\)', 'Null', 427, 1),
(1492, '\\(D(0;3)\\)', 'Null', 427, 0),
(1493, '\\(50\\)', 'Null', 428, 0),
(1494, '\\(15\\)', 'Null', 428, 0),
(1495, '\\(0\\)', 'Null', 428, 1),
(1496, '\\(3\\)', 'Null', 428, 0),
(1497, '\\(\\left(\\dfrac{1}{4} ; 4\\right)\\)', 'Null', 429, 0),
(1498, '\\(\\left(-10 ; -\\dfrac{311}{55}\\right)\\)', 'Null', 429, 1),
(1499, '\\(\\left(\\dfrac{3}{4} ; \\dfrac{19}{8}\\right)\\)', 'Null', 429, 0),
(1500, '\\(\\left(\\dfrac{10}{7} ; \\dfrac{6}{11}\\right)\\)', 'Null', 429, 0),
(1501, '\\(2x^2+4\\)', 'Null', 430, 0),
(1502, '\\(8x^2+4\\)', 'Null', 430, 1),
(1503, '\\(5x^2+1\\)', 'Null', 430, 0),
(1504, '\\(6x^2+2\\)', 'Null', 430, 0),
(1505, '\\(25-25x^2+12\\)', 'Null', 431, 0),
(1506, '\\(5x^2-25x+12\\)', 'Null', 431, 0),
(1507, '\\(25x^2-60x+36\\)', 'Null', 431, 1),
(1508, '\\(25x^2-36\\)', 'Null', 431, 0),
(1509, '\\((6x-5)\\)', 'Null', 432, 0),
(1510, '\\((6x-5)^2\\)', 'Null', 432, 0),
(1511, '\\((6x+5)^2\\)', 'Null', 432, 0),
(1512, '\\((6x+5)(6x-5)\\)', 'Null', 432, 1),
(1513, '\\((7x-2)^2\\)', 'Null', 433, 0),
(1514, '\\((7x-1)^2\\)', 'Null', 433, 1),
(1515, '\\((7x-1)\\)', 'Null', 433, 0),
(1516, '\\((7x+2)^2\\)', 'Null', 433, 0),
(1517, 'Les nombres rationnels', 'Null', 434, 0),
(1518, 'Les nombres décimaux', 'Null', 434, 0),
(1519, 'Les nombres entiers relatifs', 'Null', 434, 0),
(1520, 'Les nombres réels', 'Null', 434, 1),
(1521, '5\\(\\sqrt{3}\\)', 'Null', 435, 0),
(1522, '5\\(\\sqrt{2}\\)', 'Null', 435, 1),
(1523, '10\\(\\sqrt{2}\\)', 'Null', 435, 0),
(1524, '9\\(\\sqrt{2}\\)', 'Null', 435, 0),
(1525, '56', 'Null', 436, 0),
(1526, '24', 'Null', 436, 0),
(1527, '84', 'Null', 436, 1),
(1528, '101', 'Null', 436, 0),
(1533, '\\(x>2\\)', 'Null', 437, 1),
(1534, '\\(x<2\\)', 'Null', 437, 0),
(1535, '\\(x>5\\)', 'Null', 437, 0),
(1536, '\\(x<3\\)', 'Null', 437, 0),
(1537, '4', 'Null', 439, 0),
(1538, '0 et 10', 'Null', 439, 1),
(1539, '0 et 4 et 10', 'Null', 439, 0),
(1540, '10', 'Null', 439, 0),
(1541, '24', 'Null', 440, 0),
(1542, '10', 'Null', 440, 0),
(1543, '36', 'Null', 440, 1),
(1544, '42', 'Null', 440, 0),
(1545, 'Les nombres réels', 'Null', 441, 0),
(1546, 'Les nombres rationnels', 'Null', 441, 0),
(1547, 'Les nombres décimaux', 'Null', 441, 0),
(1548, 'Les nombres entiers relatifs', 'Null', 441, 1),
(1549, '\\((a+b)(a+b)=a^2+b^2\\)', 'Null', 442, 0),
(1550, '\\((a+b)(a-b)=a^2-b^2\\)', 'Null', 442, 1),
(1551, '\\((a+b)^2(a-b)=a^2-b^2\\)', 'Null', 442, 0),
(1552, '\\((a-b)(a+b)=a^2+b^2\\)', 'Null', 442, 0),
(1553, '\\((8;-3)\\)', 'Null', 443, 0),
(1554, '\\((8;-4)\\)', 'Null', 443, 0),
(1555, '\\((7;-5)\\)', 'Null', 443, 0),
(1556, '\\((9;-5)\\)', 'Null', 443, 1),
(1557, 'affine', 'Null', 444, 1),
(1558, 'constante', 'Null', 444, 0),
(1559, 'linéaire', 'Null', 444, 0),
(1560, 'affine et linéaire', 'Null', 444, 0),
(1561, '\\(9x-7y-4\\)', 'Null', 445, 0),
(1562, '\\(-9x-7y-4\\)', 'Null', 445, 0),
(1563, '\\(9x+7y+4\\)', 'Null', 445, 0),
(1564, '\\(9x+7y-4\\)', 'Null', 445, 1),
(1565, 'constante', 'Null', 446, 0),
(1566, 'affine et constante', 'Null', 446, 0),
(1567, 'linéaire et affine', 'Null', 446, 1),
(1568, 'constante et linéaire', 'Null', 446, 0),
(1569, '\\(15x^2+9\\)', 'Null', 447, 0),
(1570, '\\(25x^2+9\\)', 'Null', 447, 0),
(1571, '\\(10x^2+30x+9\\)', 'Null', 447, 0),
(1572, '\\(25x^2+30x+9\\)', 'Null', 447, 1),
(1573, '5', 'Null', 448, 0),
(1574, '0,2', 'Null', 448, 1),
(1575, '-0,2', 'Null', 448, 0),
(1576, '2/7', 'Null', 448, 0),
(1577, '\\(9x^3-24x^8+12-16x^5\\)', 'Null', 449, 0),
(1578, '\\(18x^3+24x^8-12-16x^5\\)', 'Null', 449, 1),
(1579, '\\(18x^3+24x^8+12-16x^5\\)', 'Null', 449, 0),
(1580, '\\(18x^4+24x^8+12x-16x^5\\)', 'Null', 449, 0),
(1581, '\\(\\sqrt{4\\times 3}\\) ', 'Null', 450, 0),
(1582, '\\(\\sqrt{16}\\times 3\\)', 'Null', 450, 0),
(1583, '4\\(\\sqrt{3}\\) ', 'Null', 450, 1),
(1584, '3\\(\\sqrt{4}\\) ', 'Null', 450, 0),
(1585, '\\(\\overrightarrow{RJ}\\) =\\(\\overrightarrow{SJ}\\) ', 'Null', 451, 0),
(1586, '\\(\\overrightarrow{JS}\\) = - \\(\\overrightarrow{JR}\\) ', 'Null', 451, 1),
(1587, '\\(\\overrightarrow{JR}\\) =\\(\\overrightarrow{JS}\\) ', 'Null', 451, 0),
(1588, '\\(\\overrightarrow{SJ}\\) =0,75\\(\\overrightarrow{SR}\\) ', 'Null', 451, 0),
(1589, '\\(5x^2\\)', 'Null', 452, 0),
(1590, '\\((x+5)^2\\)', 'Null', 452, 0),
(1591, '\\((5+x)(5-x)\\)', 'Null', 452, 1),
(1592, '\\((5+x)^2(5-x)^2\\)', 'Null', 452, 0),
(1593, '\\(-7x+3\\)', 'Null', 453, 0),
(1594, '\\(-7x\\)', 'Null', 453, 1),
(1595, '\\(3\\)', 'Null', 453, 0),
(1596, '\\(3-7x\\)', 'Null', 453, 0),
(1597, '-\\(\\dfrac{3}{7}\\) et 1', 'Null', 454, 0),
(1598, '-\\(\\dfrac{7}{3}\\)  et 1', 'Null', 454, 1),
(1599, '\\(\\dfrac{7}{3}\\)  et 1', 'Null', 454, 0),
(1600, '-\\(\\dfrac{7}{3}\\)  et -1', 'Null', 454, 0),
(1601, '\\((9x-3)\\)', 'Null', 455, 0),
(1602, '\\((9x+3)^2\\)', 'Null', 455, 0),
(1603, '\\((9x-3)^2\\)', 'Null', 455, 1),
(1604, '\\((9+3x)^2\\)', 'Null', 455, 0),
(1605, 'affine et linéaire', 'Null', 456, 0),
(1606, 'ni affine, ni linéaire', 'Null', 456, 0),
(1607, 'affine', 'Null', 456, 1),
(1608, 'linéaire', 'Null', 456, 0);

-- --------------------------------------------------------

--
-- Structure de la table `question`
--

CREATE TABLE `question` (
  `id` int(11) NOT NULL,
  `text` mediumtext NOT NULL,
  `image` varchar(255) NOT NULL,
  `idChapitre` int(11) NOT NULL,
  `idClasse` int(11) NOT NULL
) ENGINE=InnoDB DEFAULT CHARSET=utf8 COLLATE=utf8_unicode_ci COMMENT='Questions de mathématiques pour QCM seconde';

--
-- Déchargement des données de la table `question`
--

INSERT INTO `question` (`id`, `text`, `image`, `idChapitre`, `idClasse`) VALUES
(45, 'Le sommet de la courbe d\'équation \\(y=2x^2+3x + 5\\) est', 'c6a6cb6c3b5efceea59dbfdcb077ccdf.png', 6, 15),
(46, 'Soit \\(G(2 ; -7)\\) et \\(H(6 ; 2)\\) deux points.  Les coordonnées du milieu \\(P\\) de \\([GH]\\) sont', '', 2, 5),
(47, 'Parmi les fonctions ci-dessous, reconnaître la fonction affine.', '', 10, 15),
(48, 'On considère les points \\(A(5 ; -2) ; B(-11 ; -4)\\) et \\(C(7 ; 4)\\). Les coordonnées du point \\(D\\) tel que \\(ABCD\\) soit un parallélogramme sont', '', 2, 5),
(49, 'Soit \\(A(3 ; 6)\\) et \\(B(4,2 ; 1)\\) deux points. Les coordonnées du milieu \\(C\\) de \\([AB]\\) sont', '', 2, 6),
(50, 'Soit \\(A(0 ; 7)\\) et \\(B(-5 ; 2)\\) deux points. Les coordonnées du milieu \\(V\\) de \\([AB]\\) sont', '', 2, 6),
(53, ' On considère les points \\(A(8 ; -1,1),  B(-0,2 ; 5)\\) et \\(C(-6,8 ; 3,9)\\). Le point \\(D\\) pour que le quadrilatère \\(ABCD\\) soit un parallélogramme a pour coordonnées', '', 2, 5),
(54, 'On considère les points \\(A(-3,2 ; 5)\\) et \\(B(4 ; -8,6)\\). Le point \\(E\\) milieu du segment \\([AB]\\) a pour coordonnées', '', 2, 6),
(55, 'On sait que \\(ABCD\\) est un parallélogramme et que \\(A(1,3 ; -4),  B(-2 ; 3,6)\\) et \\(D(0 ; 0)\\).  \\(C\\) a pour coordonnées ', '', 2, 5),
(56, 'Les coordonnées du point \\(Q\\) tel que \\(MNPQ\\) soit un parallélogramme avec \\(M(-1 ; 2)\\),  \\(N(1 ; 4)\\) et \\(P(7 ; 2)\\) sont ', '', 2, 5),
(57, 'Si \\(A(3 ; -1,5)\\) et \\(B(7 ; 2)\\),  alors le milieu \\(E\\) de \\([AB]\\) a pour coordonnées ', '', 2, 6),
(58, '\\(ABCD\\) est un parallélogramme tel que \\(A(2,3 ; 5,2),  B(-3,3 ; -4,5)\\) et \\(C(1,1 ; 4,2)\\).  Les coordonnées du point \\(D\\) sont  ', '', 2, 6),
(59, 'On considère les points \\(E(6 ; -1),  F(-4 ; 3)\\) et \\(G(1 ; 5)\\). Les coordonnées du point \\(H\\) tel que \\(EFGH\\) soit un parallélogramme sont ', '', 2, 6),
(60, 'On considère les points \\(A\\left( \\dfrac{3}{5} ; 6\\right)\\) et \\(B\\left(\\dfrac{1}{2} ; \\dfrac{4}{3}\\right)\\).  Les coordonnées du point \\(M\\) milieu de \\([AB]\\) sont ', '', 2, 6),
(61, 'On considère les points \\(A(3,3 ; 6,4),  B(4,7 ; -1,1)\\) et \\(C(-2,3 ; 4,6)\\). Les coordonnées du point \\(D\\) tel que \\(ABCD\\) soit un parallélogramme sont ', '', 2, 6),
(62, 'On considère les points \\(A(-2,6 ; 1,7)\\) et \\(B(4,4 ; -3,1)\\). Les coordonnées du point \\(M\\) milieu du segment \\([AB]\\) sont', '', 2, 6),
(63, 'Soit \\(A(5 ; 4)\\) et \\(B(2,5 ; 4)\\) deux points.  Les coordonnées du milieu \\(L\\) de \\([AB]\\) sont', '', 2, 6),
(66, 'Le plan est muni d\'un repère orthonormé \\((O, I, J)\\).On considère les points \\(A(x_{A},y_{A})\\) et \\(B(x_{B},y_{B})\\).Quelle formule utilise-t-on pour calculer la distance \\(AB\\) ? ', '', 2, 2),
(68, 'Le plan est muni d\'un repère \\((O, I, J)\\). Comment s\'appelle l\'axe \\((OI)\\) ?', '', 2, 2),
(69, 'Le plan est muni d\'un repère. On considère les points A\\(\\left(x_{A}, y_{A}\\right)\\) et C\\(\\left(x_{C}, y_{C}\\right)\\).Comment calculer les coordonnées du point K\\(\\left(x_{K}, y_{K}\\right)\\), milieu du segment [AC] ?', '', 2, 2),
(70, 'Le plan est muni d\'un repère. On considère les points A\\(\\left(x_{A}, y_{A}\\right)\\) et B\\(\\left(x_{B}, y_{B}\\right)\\).Comment calculer l\'abscisse du point K, milieu du segment [AB] ?', '', 2, 2),
(71, 'a et b sont deux réels positifs. On a \\(\\sqrt{a \\times b}\\) = ...', '', 4, 2),
(73, 'Dans le repère (O, I, J), donner les coordonnées du point A.', 'e2d820900c7ded05874e5b0c2e5d9eb8.png', 2, 2),
(74, 'Le plan est muni d\'un repère. On considère les points A\\(\\left(-1, 2\\right)\\) et B\\(\\left(3, -1\\right)\\) . Calculer les coordonnées du point K milieu du segment [AB] ?', '', 2, 2),
(75, 'A quel plus petit ensemble appartient \\(4^2\\) ?', '', 1, 15),
(76, 'On donne  \\(A ( -3 ; 2 )\\) et \\(B ( 7 ; 4 )\\) . Les coordonnées du milieu du segment \\([AB]\\) sont : ', '', 2, 15),
(77, 'On donne \\(A ( 5 ; 2 )\\) et \\(B ( -2 ; 6 )\\)  . La longueur du segment \\([AB]\\) est  : ', '', 2, 15),
(78, '\\(( 2x + 4 )^2 = \\)', '', 4, 15),
(79, '\\(( 5x - 2 ) ( 5x + 2 ) = \\)', '', 4, 15),
(80, 'l\'ensemble \\(\\mathbb{Z}\\) est l\'ensemble des  : ', '', 1, 15),
(81, 'Le nombre \\(-4^2\\) appartient à quel plus petit ensemble ? ', '', 1, 15),
(82, ' \\(G(-11 ; -3)\\) et \\(H(4 ; 6)\\) deux points.  La distance \\(GH\\) vaut ', '', 2, 6),
(83, 'Soit \\(P(-3 ; 0)\\),  \\(Q(3 ; 0)\\) et \\(R(0 ; 5)\\) trois points.  Le triangle \\(PQR\\) est ', '', 2, 6),
(84, 'Soit \\(A(2,5 ; -7,2)\\) et \\(B(-3,2 ; 4,8)\\) deux points.  La distance \\(AB\\) vaut environ ', '', 2, 5),
(85, 'Soit \\(A\\left(-0,5 ; \\sqrt{18,75}\\right)\\),  \\(B(2 ; 0)\\) et \\(C(-3 ; 0)\\) trois points.  Le triangle \\(ABC\\) est ', '', 2, 5),
(86, 'Soit \\(S(8 ; 5)\\) et \\(P(10 ; 1)\\) deux points.  La distance \\(SP\\) vaut environ', '', 2, 5),
(87, '\\(A\\left(8,6 ; \\dfrac{21}{5}\\right)\\),  \\(B\\left(\\dfrac{8}{5} ; 10,2\\right)\\) et \\(C\\left(\\dfrac{53}{5} ; 12,2\\right)\\) trois points.  Le triangle \\(ABC\\) est ', '', 2, 5),
(88, '\\(M(4 ; 4)\\),  \\(N(-5 ; 2)\\) et \\(P(2 ; -7)\\) trois points.  Le triangle \\(MNP\\) est ', '', 2, 5),
(89, 'Soit \\(A(2 ; 2)\\) et \\(B(-1 ; -2)\\) deux points.  La distance \\(AB\\) vaut  ', '', 2, 5),
(90, '\\(R(-3 ; -1)\\),  \\(S(-2 ; 1)\\) et \\(T(-4 ; 0)\\) trois points.  Le triangle \\(RST\\) est ', '', 2, 6),
(91, 'Soit \\(H(4 ; 6)\\) et \\(I(9 ; 3)\\) deux points.  La distance \\(HI\\) vaut  ', '', 2, 6),
(94, 'Soit \\(A(3; 1)\\) et \\(B(9 ; 9)\\) deux points.  La distance \\(AB\\) vaut ', '', 2, 5),
(95, 'Soit \\(A\\left(\\dfrac{1}{3}; \\dfrac{3}{10}\\right)\\) et \\(B\\left(\\dfrac{2}{3} ; \\dfrac{3}{5}\\right)\\) deux points.  La distance \\(AB\\) vaut ', '', 2, 5),
(96, ' \\(F(-0,5 ; 5)\\),  \\(G(2 ; -2)\\) et \\(H(-2 ; -1)\\) trois points.  Le triangle \\(FGH\\) est ', '', 2, 5),
(97, 'Soit \\(A(1; 0)\\),  \\(B(3 ; 0)\\) et \\(C\\left(2 ; \\sqrt{3}\\right)\\) trois points.  Le triangle \\(ABC\\) est ', '', 2, 6),
(98, 'Soit \\(A(2,5; 7,4)\\) et \\(B(5,3 ; 9,6)\\) deux points.  La distance \\(AB\\) vaut environ', '', 2, 6),
(99, 'Soit \\(U(-2,7; 7,5)\\) et \\(B(-5,4 ; 4,1)\\) deux points.  La distance \\(UB\\) vaut environ', '', 2, 6),
(100, 'Soit \\(A\\left(\\dfrac{1}{3} ; \\dfrac{4}{3}\\right)\\) et \\(B\\left(\\dfrac{3}{2} ; 2\\right)\\) deux points.  La distance \\(AB\\) vaut exactement', '', 2, 5),
(101, 'Le nombre \\(\\pi\\) est  : ', '', 1, 15),
(102, 'On considère une fonction \\( f \\) dont on donne le tableau de variations. On souhaite comparer \\( f(-4) \\) et \\( f(3) \\). Quelle est la bonne réponse ?', '6073fae632c173855bd1a57e2f1e3b82.png', 11, 2),
(103, 'On considère une fonction \\( f \\) dont on donne le tableau de variations. Parmi les propositions ci-dessous, laquelle est correcte ?', 'c024a8aa9561f0b3c79ac4aefc380cc0.png', 11, 2),
(104, 'On considère une fonction \\( f \\) dont on donne le tableau de variations. Parmi les propositions ci-dessous, laquelle est correcte ?', 'd20a1e361c6694b38056e5680cbc3999.png', 11, 2),
(105, 'On considère une fonction \\( f \\) dont on donne la courbe représentative. Quel est l\'ensemble de définition de cette fonction ?', '875b3d5c4967b7665dac499bf33d2dd6.png', 8, 2),
(106, 'On considère une fonction \\( f \\) dont on donne la courbe représentative. Quel est l\'ensemble de définition de cette fonction ?', '69e18d4decdef5374df8c33c38b3cac7.png', 8, 2),
(107, 'On considère une fonction \\( f \\) dont on donne la courbe représentative. Quel(s) est ( sont ) le(s) antécédent(s) de \\( -1 \\) par la fonction \\( f \\) ?', '7aa15b84f82d9d73b9b5adce3a60ad76.png', 8, 2),
(108, 'On considère une fonction \\( f \\) dont on donne la courbe représentative. Quel est l\'ensemble de définition de cette fonction ?', '69029d5399f9b50795292d51c2722d44.png', 8, 2),
(109, 'On considère les intervalles I = \\( [-2 \\) ; \\( 3[ \\) et J = \\( ]-5 \\) ; \\( 1] \\). Quelle est la réunion des intervalles I et J ?', '', 1, 2),
(110, 'On sait que \\(A(6 ; 5)\\) et \\(B(2 ; 3)\\) et que \\(B\\) est le symétrique de \\(A\\) par rapport au point \\(M\\) alors les coordonnées de \\(M\\) sont :', '', 2, 13),
(111, 'On donne \\(A(6 ; 5)\\) et \\(M(4 ; 4)\\), quelles sont les coordonnées du point \\(B\\) symétrique de \\(A\\) par rapport à \\(M\\) ?', '', 2, 13),
(112, 'On considère l\'intervalle \\(I = ] -4 ; 2 ]\\) et l\'intervalle \\(J = [ 2 ; 5 ]\\). Quelle est l\'intersection de ces deux intervalles ?', '', 1, 13),
(113, 'On considère l\'intervalle \\(I = [ -4 ; 52 [\\) et l\'intervalle \\(J = [ 20 ; + \\infty [\\). Quelle est la réunion de ces deux intervalles ?', '', 1, 13),
(114, '\\(B\\) est le symétrique de \\(A\\) par rapport à \\(C\\) signifie que :', '', 2, 13),
(115, 'Soient les points \\(R( 2 ; -3)\\) et\\( S( 5 ; -2)\\), les coordonnées du milieu \\(T\\) de \\([RS]\\) est :', '', 2, 13),
(116, 'Quelle est la nature du quadrilatère \\(QRST\\) tel que \\(Q( -2 ; 6)\\), \\(R( 4 ; 3)\\), \\(S( 1 ; 1)\\) et \\(T( -1 ; 3)\\) ?', '', 2, 13),
(117, 'On a le quadrilatère \\(QRST\\) tel que \\(Q(2 ; 7)\\), \\(R(3 ; 5)\\), \\(S(2 ; 3)\\), \\(T(1 ; 5)\\) et \\(RT = \\sqrt{4}\\) , QS = 4, QR = \\(\\sqrt{5}\\)  et \\(QT = \\sqrt{5}\\) . Quelle est la nature de \\(QRST\\) ?', '', 2, 13),
(118, 'Dans un repère orthonormé on donne les points \\(A( -7 ; -3)\\) et \\(B( 2 ; -5 )\\). Quelles sont les coordonnées du milieu \\(K\\) du segment \\([AB]\\) ?', '', 2, 13),
(119, 'Que faut-il faire pour justifier qu\'un quadrilatère est un parallélogramme ?', '', 2, 13),
(120, 'Si \\(ABCD\\) est un parallélogramme et que ses diagonales sont de même longueur alors :', '', 2, 13),
(121, 'Si le triangle ABC est tel que AB = \\(\\sqrt{50}\\) , BC = 2\\(\\sqrt{5}\\)  et AC = \\(\\sqrt{116}\\)  alors le triangle ABC est :', '', 2, 13),
(122, 'Le triangle ABC est tel que AC = \\(\\sqrt{116}\\) , AB = \\(\\sqrt{50}\\) et BC = \\(\\sqrt{66}\\). Quelle est la nature du triangle ABC ?', '', 2, 13),
(123, 'On considère les points suivants : \\(R( -1 ; 4)\\), \\(S( 5 ; 3)\\) et \\(T(4 ; -3)\\). Quelle est la nature du triangle \\(RST\\) ?', '', 2, 13),
(124, 'Soient les points \\(A(1 ; 3)\\) et \\(B( -2 ; 4)\\) dans un repère orthonormé. Quelle est la longueur du segment \\([AB]\\) ?', '', 2, 13),
(125, 'On donne \\(A(3 ; 5)\\), \\(B(6 ; -2)\\), \\(C( 1 ; -5)\\) et \\(D( -4 ; 2)\\). Quelle est la nature du quadrilatère \\(ABCD\\) ?', '', 2, 13),
(126, 'Dans un repère orthonormé, on a \\(A(2 ;1)\\), \\(B(-1 ; 6)\\) et \\(C(-4 ; 1)\\). Le triangle \\(ABC\\) est :', '', 2, 13),
(127, 'Dans un repère orthonormé, \\(A(6 ; 5)\\) et \\(B(2 ; 3)\\), quelle est la longueur \\(AB\\) ?', '', 2, 13),
(128, 'Soient les points \\(A(3 ; 1)\\) et \\(I( 0,5 ; 3,5)\\), quelles sont les coordonnées du point \\(E\\) tel que \\(I\\) soit le milieu de \\([AE]\\) ?', '', 2, 13),
(129, 'Développer l\'expression \\(A = (7-4x)^2\\)  ', '', 4, 13),
(130, 'Développer l\'expression \\( A = (7-6x)(7+6x)\\)', '', 4, 13),
(131, 'Développer l\'expression \\(A=(2x+1)^2-(x+3)^2\\)', '', 4, 13),
(132, 'Développer l\'expression \\(A=(x+2)^2\\)', '', 4, 13),
(133, 'Développer l\'expression \\(A=(4x+3)^2\\)', '', 4, 13),
(134, 'Développer et réduire l\'expression \\(A=(2x+3)^2-(x+7)(x-7)\\)', '', 4, 13),
(135, 'Développer l\'expression \\(A=(8-2x)^2\\)', '', 4, 13),
(136, 'Développer et réduire l\'expression \\(A=10(x-1)+(4x-3)(1+x)\\)', '', 4, 13),
(137, 'Développer et réduire l\'expression \\(A=(3x-6)^2-(2x+4)\\)', '', 4, 13),
(138, 'Développer l\'expression \\(A=(3x+2)(3x-2)\\)', '', 4, 13),
(139, 'Quelle est la décomposition du nombre 48 en produit de facteurs premiers ?', '', 9, 2),
(140, 'Si la proportion d\'une sous-population A par rapport à une population E, d\'effectif \\( n_E \\), est égale à \\( p \\), alors l\'effectif de A est égal à :', '', 3, 2),
(141, 'Dans une écurie comportant 53 chevaux et poneys, 30 % du total des chevaux et poneys sont des poneys. Combien de chevaux y a-t-il dans cette écurie ?', '', 3, 2),
(142, 'Dans un gâteau, il y a 75 % de la masse totale en chocolat dont 27 % en chocolat noir. Déterminer la proportion de chocolat noir dans la masse totale du gâteau.', '', 3, 2),
(145, 'Dans une classe de seconde, 70 % des élèves sont des garçons et parmi eux, 20 % parlent Anglais. Déterminer le pourcentage de garçons parlant Anglais dans cette classe.', '', 9, 2),
(146, 'Dans une entreprise de 200 salariés, 55 % sont des hommes. Combien y a-t-il d\'hommes dans l\'entreprise ?', '', 3, 2),
(147, 'Dans un restaurant, il y a 40 employés et parmi eux, 60 % sont des femmes. Le nombre de femmes qui travaillent dans ce restaurant est égal à :', '', 3, 2),
(148, '', '4981ebb7ea5cd359f07938db7f96532f.png', 8, 2),
(149, '', '9c46c4b5712bde08522a0d2ea4ea04ec.png', 8, 2),
(150, '', '7793b678dd10e8b4b8f873d8e6fb9914.png', 8, 2),
(151, '', 'eafb282edd4e3d428b98bc5e626abdef.png', 8, 2),
(152, '', '90b0d56fce59488e212ac907264f9e95.png', 8, 2),
(153, '', '575cb728e1d7f6492c69e097440ce463.png', 8, 2),
(154, 'On note N\' l\'image de N par la translation qui transforme A en B. Le point N\' est tel que ...', 'a737fc6608de22177abdb6dc780c1dcf.png', 5, 2),
(155, 'En utilisant uniquement les points de la figure ci-dessous, répondre à la question suivante : \\(\\overrightarrow{JG}-\\overrightarrow{EB}=?\\)', '12d904c5da8afd6d6546f4a9a8f62737.png', 5, 2),
(156, 'Quels vecteurs ont la même direction ?', '3c91569579f1ca6a2fc9331dc28f96aa.png', 5, 2),
(157, 'Considérons A, B et C trois points. On a :  \\(2(3\\overrightarrow{AB}+\\dfrac{1}{2}\\overrightarrow{AC})=\\)', '', 5, 2),
(158, 'A l\'aide de la figure suivante, on a : \\(\\overrightarrow{HI}+\\overrightarrow{KM}-\\overrightarrow{LM}\\) = ?', '815e77e03962fbb071507577416eaaf0.png', 5, 2),
(159, 'A l\'aide de la relation de Chasles, on a : \\( \\overrightarrow{x}=\\overrightarrow{DE}+\\overrightarrow{FG}+\\overrightarrow{EF}+\\overrightarrow{DG}\\)', '', 5, 2),
(160, 'Parmi les propositions ci-dessous, laquelle est correcte où A, B et C désignent trois points non alignés ?', '', 5, 2),
(161, 'A l\'aide de la figure ci-dessous, exprimer les vecteurs \\( \\vec{h} \\) ; \\( \\vec{i} \\) ; \\( \\vec{j} \\) ; \\( \\vec{k} \\) et \\( \\vec{l} \\) en fonction du vecteur \\( \\vec{g} \\).', '8e3f6255e095cce7d1d1b8f55c910209.png', 5, 2),
(162, 'Augmenter une quantité de 5 % revient à  : ', '', 3, 15),
(163, 'Un article subit 2 augmentations successives de 10 % . L\'augmentation totale est de  : ', '', 3, 15),
(164, '', 'd0968f94ee085a7e5cc3aa011f7551e4.png', 13, 2),
(165, '', 'b5e39a956cfba117ee39c95df019f5eb.png', 13, 2),
(166, '', '758a1aa2bf5ad4c6c094363e1a3d32c3.png', 13, 2),
(167, '', '193df4646dd9a6b3682531182f444870.png', 13, 2),
(168, '', 'cca2d645443e091ff3b675c7263d020b.png', 13, 2),
(169, '', '4b844896426c44db754210aaf289d81d.png', 13, 2),
(170, '', '03f0c2dec1d237f8fb3d5f341e266bab.png', 13, 2),
(171, 'On donne la fonction f définie par \\(f(x) = 3x+7\\) . L\'image de \\(-2\\) est:', '', 8, 13),
(172, 'Comment calculer la fréquence d\'une valeur ?', '', 13, 2),
(173, 'On donne la représentation graphique de la fonction \\(f\\) définie sur \\([-4;5]\\). L\'image de 4 ....', '4745c0eaf32e301fa8ec38c0e3c1fbd1.png', 8, 13),
(174, 'On donne la représentation graphique de la fonction \\(f\\) définie sur \\([-4;5]\\). L\'image de \\(-1\\) par \\(f\\) ....', 'e5fd8381aaffac60f5a67f9858cfadad.png', 8, 13),
(175, 'On donne la représentation graphique de la fonction \\(f\\) définie sur \\([-4;5]\\). Les antécédents de 2 par \\(f\\) ....', '289f8a465ac247c2ffb1f68aa91b59a8.png', 8, 13),
(176, 'On donne la représentation graphique de la fonction \\(f\\) définie sur \\([-4;5]\\). Le tableau de signe de \\(f(x)\\) est :', '701c3b4d700f0a557a83d72989924e06.png', 8, 13),
(177, 'On donne la représentation graphique de le fonction \\(f\\) définie sur \\([-4;5]\\). Les variations de \\(f\\) sont données par le tableau ....', 'ca0e3917fb01e8e7f57004bff97d46df.png', 11, 13),
(178, 'On donne la représentation graphique de la fonction \\(f\\) définie sur \\([-3;7]\\). L\'ensemble des solutions de l\'équation \\(f(x)=0\\) est :', '88adb6cc0a2b890a1faacc1f9ae9c788.png', 8, 13),
(179, 'On donne la représentation graphique de la fonction \\(f\\) définie sur \\([-3;7]\\). L\'ensemble des solutions de l\'équation \\(f(x)=2\\) est :', '0835ef1a0b1ae94c05b8cbf8add6a442.png', 8, 13),
(180, 'On donne la représentation graphique de la fonction \\(f\\) définie sur \\([-3;7]\\). L\'ensemble des solutions de l\'équation \\(f(x)=-1\\) est :', '3aacae0037687df3a2bff26e9a187891.png', 8, 13),
(181, 'On donne la représentation graphique de la fonction \\(f\\) définie sur \\([-3;7]\\). L\'ensemble des solutions de l\'inéquation \\(f(x)&gt;2\\) est :', '91a1b08823e84e0f70de8941d9c585d4.png', 8, 13),
(182, 'On donne la représentation graphique de la fonction \\(f\\) définie sur \\([-3;7]\\). L\'ensemble des solutions de l\'inéquation \\(f(x)&lt;2\\) est :', 'd74f12b11f61958dbec96fe47e3a806f.png', 8, 13),
(183, 'On donne la représentation graphique de la fonction \\(f\\) définie sur \\([-3;7]\\). L\'ensemble des solutions de l\'inéquation \\(f(x)\\leqslant 2\\) est :', 'e7a6327de97346c81c15e066ca25c03c.png', 8, 13),
(184, 'On donne la représentation graphique de la fonction \\(f\\) définie sur \\([-3;7]\\). L\'ensemble des solutions de l\'inéquation \\(f(x)\\geqslant 2\\) est :', '26f0c00c2e43033010a32339e7111f2e.png', 8, 13),
(185, 'On donne la représentation graphique de la fonction \\(f\\) définie sur \\([-3;7]\\). Le tableau de signes de \\(f(x)\\) est :', '23cd0874e11dac62c832af2bcd8e441e.png', 8, 13),
(186, 'On donne la représentation graphique de la fonction \\(f\\) définie sur \\([-3;7]\\). Les variations de \\(f\\) sont données par le tableau :', 'cd953d54bd081a7d8a68a43a8d9e7127.png', 11, 13),
(187, 'On donne le tableau des variations d\'une fonction \\(f\\). Comparer \\(f(-3)\\) et \\(f(7)\\).', 'af57f1cf1ee05b40b035522388107f6f.png', 11, 13),
(188, 'On donne le tableau de variations de la fonction \\(f\\). Comparer les nombres \\(f(3)\\) et \\(f(4)\\)', 'd21d57a5998d3a4deea588cb8bdafc53.png', 11, 13),
(189, 'On donne le tableau de variations de la fonction \\(f\\). Comparer les nombres \\(f(0)\\) et \\(f(1)\\).', 'd6f092386555545942fbfe6748b394e0.png', 11, 13),
(190, 'On donne les variations de la fonction \\(f\\) dans le tableau ci-dessous. Comparer \\(f(-1)\\) et \\(f(3)\\).', 'd50cf118f256222bf9528e578057c654.png', 11, 13),
(192, 'Compléter l\'égalité suivante : \\(\\overrightarrow{AB}\\) - \\(\\overrightarrow{\\ldots\\ldots}\\) = \\(\\overrightarrow{\\ldots C}\\)', '', 5, 11),
(200, 'Un article coûte 4 500 €. Il subit une baisse de 20 % puis une deuxième variation. Son prix final est alors de 4 176 €. Quelle est la deuxième variation subie ?', '', 3, 11),
(201, 'Le prix d\'une bouteille de gaz augmente de 6 % par an. Actuellement il vaut 32 €. Combien vaut le gaz au bout de 2 ans ?', '', 3, 11),
(202, 'Le prix d\'un article augmente de 10 % par an pendant 5 années consécutives. Au final, le prix a augmenté de :', '', 3, 11),
(203, 'A quelle hausse ou baisse correspond le coefficient multiplicateur 0,86 ?', '', 3, 11),
(204, 'La France représente 13 % de la population de l\'Europe. L\'Europe représente 25 % de la population du Monde. Quelle est la proportion de la population Française dans le monde ?', '', 3, 11),
(205, 'Sur un article il y a une baisse de prix de 20 % puis une deuxième évolution de prix. L\'évolution globale est de - 16 %. Quelle est la deuxième évolution ?', '', 3, 11),
(206, 'Résoudre dans \\(\\mathbb{R}\\) l\'équation : \\(\\left(2x-5\\right)^2-\\left(4x+3\\right)^2=0\\)', '', 4, 11),
(207, 'Le prix final d\'un article est de 176,45 . Il a subit une hausse de 60 % et une baisse de 31 %. Quel était son prix initial ?', '', 3, 11),
(208, 'Trois points C, L et O sont alignés si, et seulement si, les vecteurs \\(\\overrightarrow{CL}\\) et \\(\\overrightarrow{LO}\\) sont :', '', 5, 11),
(209, 'Le nombre \\(\\dfrac{\\pi}{3}\\) est un nombre :', '', 1, 11),
(210, 'La solution de l\'équation : \\(2x+7=-5\\) n\'est pas un nombre :', '', 1, 11),
(211, 'Si on développe \\(\\left(2x-5\\right)\\left(4x-6\\right)\\) on obtient :', '', 4, 11),
(213, 'Si on factorise \\(\\left(2x-5\\right)\\left(4x-3\\right)-\\left(2x-5\\right)\\left(3x-1\\right)\\) on obtient : ', '', 4, 11),
(214, 'Dans un repère orthonormé \\(\\left(O;I,J\\right)\\) on donne les points \\(B\\left(-1;4\\right)\\) et \\(C\\left(2;1\\right)\\). Quelles sont les coordonnées du point F pour que B soit le milieu de [CF] ?', '', 2, 11),
(215, 'Dans un repère orthonormé \\(\\left(O;I,J\\right)\\) on donne les points \\(A\\left(-1;-2\\right)\\) et \\(B\\left(-4;4\\right)\\) et \\(C\\left(2;1\\right)\\). Quelle est la nature du triangle ABC ?', '', 2, 11),
(216, 'Dans un repère orthonormé \\(\\left(O;I,J\\right)\\) on donne les points \\(A\\left(-4;1\\right)\\), \\(B\\left(-1;4\\right)\\), \\(C\\left(2;1\\right)\\) et \\(D\\left(-1;-2\\right)\\). Quelle est la nature du quadrilatère \\(ABCD\\) ?', '', 2, 11),
(217, 'Quelle est la bonne proposition ? ', '', 5, 11),
(218, 'Donner l\'écriture scientifique de \\(\\dfrac{7 \\times 10^3 \\times 5 \\times 10^{-5}}{14 \\times (10^2)^{-3}}\\)', '', 4, 6),
(219, 'Donner l\'écriture scientifique de \\(0,000743\\)', '', 4, 6),
(220, '\\(7^4 \\times 7^8=\\)', '', 4, 6),
(221, '\\(\\dfrac{6 \\times 10^{12} \\times 35 \\times 10^{-4}}{14 \\times 10^3}=\\)', '', 4, 6),
(222, ' Donner l\'écriture scientifique de 2400', '', 4, 6),
(223, 'La population d\'une ville a augmenté de \\(3 \\%\\) sur une année puis a retrouvé sa valeur initiale l\'année suivante. Quel est le pourcentage de baisse sur la deuxième année ?', '', 3, 6),
(224, 'La police parisienne a noté que le nombre de cambriolages a augmenté de \\(540 \\%\\) dans la région parisienne depuis mai 2020 pour arriver à \\(980 \\)cambriolages en août 2020. Quel était le nombre approximatif de cambriolages en mai 2020 ?', '', 3, 6),
(225, 'En 2019,  un vendeur de Converses a augmenté ses ventes de \\( 30 \\%\\). En 2021,  ses ventes ont diminué de \\(15 \\%\\). Quel est le taux d\'évolution sur ces deux années ?', '', 3, 6),
(226, '\\(8 \\times 10^5=\\)', '', 4, 6),
(227, ' En \\(2019\\),  une boulangerie a augmenté ses ventes de \\(15 \\%\\) et,  en \\(2020\\), celles - ci ont diminué de \\(5 \\%\\).  Sur les deux années, les ventes ont :', '', 4, 6),
(228, '\\(\\dfrac{1}{3}\\) des élèves de ma classe a choisi option sport et,  parmi eux,  \\(30 \\%\\) ont choisi danse.  La proportion d\'élèves ayant choisi danse est : ', '', 4, 6),
(229, '\\(3^4 \\times 3^2=\\)', '', 4, 6),
(231, '\\(\\dfrac{6 \\times 10^8 \\times (-5) \\times 10^{-7} }{10^4 \\times (-5) \\times 2^4 \\times 10^{-3}}=\\)', '', 4, 6),
(235, '\\(8^5 \\times 8^6 \\times 8^3 \\times 8^9 \\times 8^4=\\)', '', 4, 6),
(246, 'Après quatre baisse successives de \\(20 \\%\\) de son parc,  un gérant veut réagir : il veut rattraper son niveau de fréquentation précédent. Après une large campagne de publicité,  voilà qu\'il a gagné \\(15 \\%\\) de clients. Quelle nouvelle évolution en pourcentage permettrait au gérant d\'atteindre son objectif ?', '', 3, 15),
(247, 'Parmi \\(30\\) personnes interrogées au hasard,  \\(65 \\%\\) ont le permis de conduire et,  parmi ces dernières,  \\(10 \\%\\) conduisent une voiture électrique.  Quelle  proportion de ces personnes conduisent une voiture électrique ?', '', 3, 5),
(248, 'A la naissance,  Eden pesait \\(3,5\\)kg.  A \\(10\\) mois,  elle pèse \\(8\\)kg.  Le pourcentage d\'évolution du poids d\'Eden est :', '', 3, 5),
(249, '\\(123400000=\\)', '', 4, 6),
(250, 'Un randonneur marche à une vitesse moyenne de \\(4\\)km/h. Quelle distance parcourt - il en \\(3\\)h\\(30\\)min ', '', 3, 5),
(251, '\\(3^4 \\times 3^9=\\)', '', 4, 6),
(252, '\\(3^6 \\times 3^4=\\)', '', 4, 6),
(253, ' Dans une boulangerie,  le pris du pain a tout d\'abord augmenté de \\(10 \\%\\) puis diminué de \\(6 \\%\\).  Le taux d\'évolution global est ', '', 3, 6),
(254, 'L\'écriture scientifique de  \\(1500\\) est :', '', 4, 6),
(255, 'Lors d\'un journal télévisé en janvier \\(2018\\),  une journaliste commente d\'évolution du pris moyen d\'une baguette.  Elle affirme : &quot; Son prix a augmenté : \\(87\\) centimes en \\(2016\\) contre \\(60\\) centimes en \\(1996\\) ; c\'est donc \\(31 \\%\\) de plus en \\(20\\) ans.  Le taux d\'évolution du prix de la baguette pour revenir à \\(60\\) centimes au lieu de \\(87\\) centimes est : (vérifier d\'abord les dire de la journaliste !)', '', 3, 6),
(256, 'Après quatre baisse successives de \\(20 \\%\\) de son parc,  un gérant veut réagir : il veut rattraper son niveau de fréquentation précédent.  Après une large campagne de publicité,  voilà qu\'il a gagné \\(15 \\%\\) de clients.  Quelle nouvelle évolution en pourcentage permettrait au gérant d\'atteindre son objectif ?', '', 3, 6),
(257, 'Trois amis vont au cinéma et achètent un paquet de bonbons qui en contient \\(300\\).  Le premier prend \\(\\dfrac{1}{3}\\) du paquet,  le second donne au troisième \\(\\dfrac{2}{5}\\) de ce qu\'il reste.  Combien le second aura - t - il de bonbons ?', '', 3, 6),
(258, 'Dans un lycée,  on compte \\(688\\) élèves.  \\(312\\) sont des garçons.  Quelle est la proportion de filles dans cet établissement ?', '', 3, 6),
(259, '\\( \\dfrac{10^{230}}{10^{107}}=\\)', '', 4, 6),
(260, 'Pendant les soldes,  Délia achète une paire de chaussures à \\(50\\) euros,  avec une promotion de \\(30 \\%\\).  Quel était le nouveau prix de sa paire de chaussures ?', '', 3, 6),
(261, 'Une voiture électrique qui valait initialement \\(30000\\) euros passe au prix de \\(41600\\) euros à cause de l\'inflation et de diverses taxes.  Quel est le pourcentage d\'augmentation ?', '', 3, 6),
(262, 'Quel est le prix final d\'une boite de stylos à \\(22\\) euros après une baisse de \\(5 \\%\\) puis une augmentation de \\(6 \\%\\) ?', '', 3, 6),
(264, 'Dans la classe de quatrième B,  sur \\(32\\) élèves,  \\(18\\) portent des lunettes.  Quelle est la proportion en pourcentage d\'élèves qui portent des lunettes ?', '', 3, 6),
(265, 'Le prix d\'une voiture hors taxe est \\(7880\\) euros. Quel est le montant de la TVA si elle est de \\(20 \\%\\) ?', '', 3, 6),
(268, '	Quel est le plus petit ensemble de nombres auquel appartient tous les nombres suivants ?   \\(\\dfrac{1}{4}\\) , \\(\\dfrac{10-4}{3}\\), - \\(\\sqrt{25}\\)', '', 1, 10),
(269, 'Combien y a-t-il de nombres décimaux parmi la liste suivante ?  \\(\\dfrac{1}{4}\\),\\(\\sqrt{2}\\) ,\\(\\dfrac{10-4}{3}\\),-\\(\\sqrt{25}\\)', '', 1, 10),
(270, 'Si  \\(0< x\\leq 5 \\) alors \\(x\\) appartient à l’intervalle ', '', 1, 10),
(271, 'Si  \\(x\\leq 3\\) alors \\(x\\) appartient à l’intervalle ', '', 1, 10),
(272, 'Soit \\(f\\) la fonction définie sur \\(]1;+\\infty[\\) par \\(f(x)=\\dfrac{\\sqrt{20x^2+4x-16}}{\\sqrt{4x-4}}\\). Quels sont les antécédents éventuels de 1 par \\(f\\)?', '', 8, 4),
(273, 'Soit f la fonction définie sur R par \\(f(x)=x^2-6x+2\\) . L\'image de 2 par f est:', '', 8, 4),
(274, 'Soit \\(f\\) la fonction définie sur \\(\\mathbb{R}\\) par \\(f(x)=-3x+5\\) . Le nombre \\(11\\) est:', '', 8, 4),
(275, 'Soit \\(f\\) la fonction définie sur \\(\\mathbb{R}\\) par \\(f(x)=3x-5\\) . L\'image de 0 par \\(f\\) est:', '', 8, 4),
(276, 'Soit \\(g\\) la fonction définie sur \\(\\mathbb{R}\\) par \\(g(x)=5x+2-3x\\) .  ', '', 8, 4),
(277, 'Dans un repère orthonormé (O,I,J), soit A \\(\\left(-6, 3\\right)\\) symétrique de B par rapport à O.  La distance AB est égale à:', '', 2, 4),
(278, 'Quelle est la formule permettant de calculer la distance entre deux points A et B dans un repère orthonormé?', '', 2, 4),
(279, '\\(\\dfrac{15^2 \\times 9^2 \\times 10^4}{3^3 \\times 6^3}=\\)', '', 4, 6),
(280, '\\(5^7=\\)', '', 4, 6),
(281, '\\((2^4)^3=\\)', '', 4, 6),
(282, '\\(5^3 \\times 5^2=\\)', '', 4, 6),
(283, '\\(\\dfrac{7^9}{7^4}=\\)', '', 4, 6),
(284, 'Un article coûte \\(120\\) euros. Après deux augmentations successives de \\(15 \\%\\) et de \\(20 \\%\\),  son prix final est :', '', 3, 6),
(285, 'Les solutions de l\'équation \\(f(x)=f(-5)\\) sont :', '1ac9abc0dfa6cb69fb15a9e008ce8a10.png', 8, 6),
(286, 'Les solutions de l\'équation \\(f(x)<f(-2)\\) sont ', '85c53de47e83bd31f92514e42098f77d.png', 8, 6),
(287, 'Les solutions de l\'équation \\(f(x) \\leq3\\) sont ', 'c9a2499febd43ceec6f1d7472dcea470.png', 8, 5),
(288, 'Les solutions de l\'équation \\(f(x)=1\\) sont ', '8400c241f31d8dc25c1a5cae4834b4de.png', 8, 6),
(289, 'Les solutions de l\'équation \\(f(x) \\geq 1\\) sont', 'ec9e8ba587d41e6a2738c2244b0d6cfd.png', 8, 5),
(291, 'Les solutions de l\'équation \\(f(x)=g(x)\\) sont', '072d12ab946999bfc2c43ced2be72cff.png', 8, 5),
(292, ' Les solutions de l\'équation \\(f(x)=2\\) sont', 'b405388cc9a3039ae6e2925726cb1b7a.png', 8, 6),
(293, 'Résoudre l\'inéquation : \\( -2x+5>0\\)', '', 4, 2),
(294, 'L\'ensemble des solutions de l\'équation \\((2x+1)(x-3)=0\\) est :', '', 4, 2),
(295, 'Résoudre l\'équation \\( (-3x+6)(5x-8)=0 \\).', '', 4, 2),
(296, 'L\'ensemble des solutions de l\'inéquation \\( -4x+7&gt;0 \\) est : ', '', 4, 2),
(298, 'Les solutions de l\'équation\\(f(x)=-1\\) sont', '2ba9700b6b6e29780467bab2d138ffdc.png', 8, 5),
(299, 'Le tableau de signes de \\(f\\) est', '15470866998f8e36605338f946e3ff4b.png', 8, 5),
(300, 'Développer l\'expression : \\( 2x(3x-5) \\)', '', 4, 2),
(305, 'La population de la ville de Cambrai est passée de 32584 habitants  en 2010 à 33004 habitants en 2015. Quel est le taux d\'évolution (à 0,1% près) entre 2010 et 2015?', '', 3, 14),
(306, 'Le coefficient multiplicateur associé à une diminution de 8,9 % est :', '', 3, 14),
(307, 'Un pull est soldé à -20 %. Je le paie 25 €. Quel était le prix initial?', '', 3, 14),
(309, 'Avant les soldes, le prix d\'un sac de luxe était de 520 €. Il est soldé à - 20 %. Quel est le prix de ce sac pendant les soldes ?', '', 3, 14),
(310, 'Pour obtenir le montant Hors Taxe à partir du montant Toutes Taxes Comprises avec une TVA à 5,5%, il faut :', '', 3, 14),
(311, 'Le nombre de personnes entièrement vaccinées est passé de 10 millions en mai 2021 à 40 millions en septembre 2021. Le taux d\'évolution de la vaccination est de :', '', 3, 14),
(312, 'Le prix d\'un téléphone est de 1029 €. Quel sera son prix après une réduction de 15%?', '', 3, 14),
(313, 'En crise de COVID19, la France a eu 23260 nouveaux cas le 28 janvier 2021 alors que le 26 janvier 2021 il n\'y avait que 21860 nouveaux cas. Quel est le poucentage d\'évolution du nombre de nouveaux cas entre ces deux dates?', '', 3, 14),
(314, 'Au début de sa carrière Lucie gagnait 1652 € par mois. Pour ses cinq ans de service son patron lui augmente son salaire de 5%. Quel est son salaire actuel ?', '', 3, 14),
(315, ' Le tableau de signes de \\(f\\) est', 'ae98eadaf736287685cb71ed2701d523.png', 8, 5),
(316, 'Les solutions de l\'inéquation \\(f(x)>0\\) sont', '2c98f75007fd46e74ff27c16a6303741.png', 8, 6),
(317, 'Les solutions de l\'équation \\(f(x)=-2\\) sont', '5ca5aea610570e0347ce41456f30d771.png', 8, 5),
(318, 'Soit la fonction f définie sur [-4;4] dont la représentation graphique est donnée dans le repère ci-dessous. Résoudre graphiquement l\'inéquation  f ( x ) ≤ 5 , 5', 'b8b83447098162d8b570e7a7c495cbb1.png', 8, 4),
(319, 'On appelle \\(V_{i}\\) la valeur initiale d’une grandeur et \\(V_{f}\\) sa valeur finale suite à une évolution. Quel calcul faut-il effectuer pour trouver la variation absolue ?', '', 3, 2),
(320, 'Le prix d\'un article baisse de 30 % puis de 10 %. Quel est le taux d\'évolution global ?', '', 3, 2),
(321, 'Au moment des soldes, le prix d\'un article baisse de 30 % puis de 10 %. Quel est le taux d\'évolution global ( en pourcentage ) ?', '', 3, 2),
(322, 'Le chiffre d\'affaires d\'une entreprise a baissé de 10 % en 2018. De quel poucentage, arrondi à 0,1 %, près doit -il augmenter en 2019 pour compenser cette diminution ?', '', 3, 2),
(323, 'En 2019, un village comptait 3463 habitants. En 2022, elle en compte 3971. Déterminer la variation absolue de cette population sur la période de 2019 à 2022.', '', 3, 2),
(324, '\\(x\\) est un nombre irrationnel signifie que :', '', 1, 10),
(325, 'Soit \\(I\\) et \\(J\\) deux intervalles de \\(\\mathbb{R}\\). \\(I \\cup J\\) est :', '', 1, 10),
(326, '\\(x\\) est un nombre décimal signifie que \\(x\\) appartient à ', '', 1, 10),
(327, 'Toto a tapé  \\(\\dfrac{3}{7}\\) sur une petite calculette et a obtenu l\'affichage suivant : \\(0,429\\). L\'encadrement d\'amplitude la plus petite possible que l\'on peut en déduire est :', '', 1, 10),
(328, 'la valeur décimale exacte ou arrondie à \\(0,01\\) près de \\(\\dfrac{1}{3}\\) est :', '', 1, 10),
(329, 'Les trois médiatrices d\'un triangle sont concourantes en un point qui est :', '', 2, 10),
(330, 'Les trois médianes d\'un triangle sont concourantes en un point qui est :', '', 2, 10),
(331, 'Les trois hauteurs d\'un triangle sont concourantes en un point qui est :', '', 2, 10),
(332, 'Les trois bissectrices d\'un triangle sont concourantes en un point qui est :', '', 2, 10),
(334, 'Choisir la bonne réponse', '', 4, 10),
(336, 'Pour tout \\(x \\in \\mathbb{R}, (x - 2)(3x + 1) = \\)', '', 4, 10),
(337, 'En calculant mentalement seulement le bon terme : Pour tout réel \\(x, (2x + 3)(1 - x)\\) est égal à :', '', 4, 10),
(338, 'Une forme factorisée de \\(4x^2 - 9\\) est', '', 4, 10),
(339, '$$\\dfrac{\\dfrac{1}{2} + \\dfrac{2}{3}}{14} = $$', '', 4, 10),
(340, 'L\'inverse de la somme du triple de \\(a\\) et de l\'opposé de \\(b\\) est :', '', 4, 10),
(341, 'Un véhicule roule à 120 km/h. Quelle distance parcourt-il en 36 min ?', '', 4, 10),
(342, 'Toto a 1 500 € sur un compte au début du mois de janvier. Chaque fin de mois, sa mère lui verse un montant fixe égal à 20 % de la somme présente sur le compte au début du mois. Mais Toto dépense 200 € chaque mois. Quel montant a-t-il sur son compte fin mars ?', '', 3, 10),
(343, '17 est égal', '', 4, 10),
(344, 'Quelle expression est égale à \\(10^{5}\\) ? ', '', 4, 10),
(345, 'Pour le nombre \\(\\dfrac{123}{1 000 000}\\), son écriture scientifique est :', '', 4, 10),
(346, '\\(m^2 = ab\\) . Exprimer \\(m\\) en fonction de \\(a\\) et \\(b\\).', '', 4, 10),
(348, 'ABCDEF est un hexagone régulier. Déterminer le vecteur somme \\(\\overrightarrow{OB} + \\overrightarrow{OE} = \\)', 'f12ef7c8d6016eacc344b10bfa21b55b.png', 5, 10),
(349, 'Soient \\(\\vec{u} (5\\ ; -1)\\) et \\(\\vec{v} (-9\\ ; -3)\\)  dans une base \\((\\vec{i}, \\vec{j})\\) du plan. Le déterminant de \\(\\vec{u}\\) et de \\(\\vec{v}\\) est ', '', 5, 10),
(350, 'Choisir la bonne réponse', '', 5, 10),
(351, 'Soient \\(\\vec{u} (2\\ ; -5)\\) et \\(\\vec{v} (-2\\ ; -2)\\) dans une base \\((\\vec{i}, \\vec{j})\\) du plan. Le déterminant de \\(\\vec{u}\\) et de \\(\\vec{v}\\) est', '', 5, 10),
(352, 'Soient deux vecteurs colinéaires \\(\\vec{u} (4\\ ; -8)\\) et \\(\\vec{v} (5\\ ; -10)\\) dans une base \\((\\vec{i}, \\vec{j})\\) du plan. La valeur de \\(k\\) tel que \\(\\vec{u}\\) = \\(k \\vec{v}\\) est : ', '', 5, 10),
(353, '\\(\\overrightarrow{v}\\) =', '6fff15a9f71d24e42b88d45167ec645e.png', 5, 10),
(354, 'Deux vecteurs égaux ', '', 5, 10),
(355, 'Deux vecteurs  colinéaires ', '', 5, 10),
(356, 'Soit \\( f \\) la fonction définie par \\(f(x) = x^2\\) . Le (ou les) antécédent de 4 par la fonction \\( f \\) est (sont)', '', 6, 10),
(357, 'L\'équation \\(2x^3 + 1 = -1\\) admet pour ensemble de solutions', '', 6, 10),
(358, 'Soient \\(A, B, C\\) trois points distincts alignés. Le déterminant des vecteurs \\(\\overrightarrow{AB}\\) et \\(\\overrightarrow{AC}\\) est :', '', 5, 10),
(359, 'On considère la série statistique : 1 ; 2 ; 2 ; 3 ; 4 ; 4 ; 4 ; 6 ; 7 ; 8 ; 9 ; 10 ; 10 ; 12 . Le premier quartile de cette série est :', '', 13, 10),
(360, 'Parmi les expressions suivantes, laquelle n\'est pas celle d\'une fonction affine :', '', 6, 10),
(361, 'Soit la fonction affine \\(f\\) telle que \\(f(x) = 4x + 7\\). On note \\(D\\) la droite représentant \\(f\\) dans un repère du plan. Le coefficient directeur de \\(D\\) est :', '', 6, 10),
(362, 'Observer le diagramme suivant et calculer le nombre de personnes chaussant au plus du 40', '13db1d57ae5d65921fe2979a3391aa83.png', 13, 10),
(363, 'On considère les points \\(A\\left(\\dfrac{2}{3} ~ ; ~ \\dfrac{3}{2}\\right)\\) et \\(B\\left(\\dfrac{4}{3} ~ ;  ~ \\dfrac{1}{2}\\right)\\).  Les coordonnées de \\(\\overrightarrow{AB}\\) sont', '', 5, 5),
(364, 'On considère les points \\(A(3,5 ; 2,4),  B(8,5 ; 4),  C(5 ; 3,6)\\) et \\(D(4,5 ; 1,2)\\). Cocher la bonne réponse : ', '', 2, 5),
(365, 'Les coordonnées du point \\(Q\\) tel que \\(MNPQ\\) soit un parallélogramme avec \\(M(-1 ; 2)\\),  \\(N(1 ; 4)\\) et \\(P(7 ; 2)\\)sont ', '', 2, 5),
(366, 'Soit \\(A(2 ; -5)\\) et \\(B(4 ; 1)\\) deux points.  Les coordonnées du milieu \\(J\\) de \\([AB]\\) sont', '', 2, 6),
(367, 'Soit \\(A(3 ; -1,5)\\) et \\(B(7 ; 2)\\) deux points.  Les coordonnées du milieu \\(N\\) de \\([AB]\\) sont', '', 2, 6),
(368, 'Soit \\(A(2 ; 4)\\) et \\(B(6 ; 8)\\) deux points.  Les coordonnées du milieu \\(M\\) de \\([AB]\\) sont', '', 2, 5),
(369, 'Les produits d\'un grand magasin ont augmenté de \\(15\\%\\).  Les employés ont droit à une remise de \\(20 \\%\\) sur tout achat. George,  qui travaille dans ce grand magasin,  achète un costume qui valait \\(220\\) euro avant l\'augmentation. Le nouveau prix du costume est :', '', 3, 5),
(370, 'On considère les points \\(E\\left(\\dfrac{1}{2} ; \\dfrac{7}{6}\\right), M\\left(\\dfrac{1}{4} ; \\dfrac{1}{3}\\right)\\) et \\(G\\left(\\dfrac{2}{3} ; \\dfrac{3}{4}\\right)\\).  Les coordonnées du point \\(H\\) tel que \\(EMGH\\) soit un parallélogramme sont ', '', 5, 5),
(371, 'On considère les points \\(A(-2 ; -6),  B(3 ;  4),  C(11 ; 2)\\) et \\(D(21 ; 22)\\).  Le déterminant de \\(\\overrightarrow{AB}\\) et \\(\\overrightarrow{CD}\\) vaut', '', 5, 5),
(372, 'On considère les points \\(A(-1 ; 2),  B(1 ; - 4)\\) et  \\(C(7 ; -4)\\).  Les coordonnées du point \\(D\\) tel que \\(ABCD\\) soit un parallélogramme sont ', '', 5, 5),
(373, 'On considère les points \\(E(5 ~ ; ~ -6) ; F(8 ~ ;  ~ 2) ; G(-9 ~ ;  ~ 4)\\) et \\(H(-7 ~ ;  ~ -5)\\).  Le déterminant de \\((\\overrightarrow{EF} ; \\overrightarrow{GH})\\) vaut', '', 5, 5),
(374, 'On considère les points \\(A(-3 ; -1) ; B(3 ;  1)\\) et \\(C(-1 ;  -2)\\).  Les coordonnées du point \\(D\\) tel que \\(ABCD\\) soit un parallélogramme sont ', '', 5, 6),
(375, 'On considère les points \\(A(15 ~ ; ~ 9)\\) et \\(B(2,5 ~ ;  ~ -1,3)\\).  Les coordonnées de \\(\\overrightarrow{AB}\\) sont', '', 5, 5),
(376, 'On considère les points \\(A(3 ~ ; ~ 1)\\) et \\(B(-4~ ;  ~ 2)\\).  Les coordonnées de \\(\\overrightarrow{AB}\\) sont', '', 5, 5),
(377, 'On considère les points \\(A(-1 ~ ; ~ 7) ; B(2 ~ ;  ~ 3)\\) et  \\(C(-9 ~ ;  ~ 4)\\).  Le déterminant de \\((\\overrightarrow{AB} ; \\overrightarrow{AC})\\) vaut', '', 5, 5),
(378, 'On considère les points \\(A(2 ~ ; ~ 3)\\) et \\(B(-4 ~ ;  ~ 4)\\).  Les coordonnées de \\(\\overrightarrow{AB}\\)', '', 5, 5),
(379, 'On considère les points \\(M(6 ~ ; ~ -10) ; N(3 ~ ;  ~ -2)\\) et \\(P(10  ~ ;  ~ 12)\\).  Le déterminant de \\((\\overrightarrow{MN} ; \\overrightarrow{MP})\\) vaut', '', 5, 5),
(380, 'On considère les points \\(A(-2 ~ ; ~ 6),  B(3 ~ ;  ~ -4)\\) et \\(C(13 ~ ;   ~  -24)\\).  Le déterminant de \\(\\overrightarrow{AB}\\) et \\(\\overrightarrow{AC}\\) vaut', '', 5, 6),
(381, 'A quel ensemble de nombres appartient \\(-5,7\\) ?', '', 1, 12),
(382, 'Quel est le plus petit ensemble auquel appartient \\(x\\) ?', '', 1, 12),
(383, 'Quelles sont les coordonnées du point \\(C\\) milieu du segment \\([AB]\\) où \\(A(2 ; 3)\\) et \\(B(5 ; 9)\\) ?', '', 2, 12),
(384, 'Quelle est l\'expression égale à \\(6\\) si on choisit \\(x=-1\\) ?', '', 8, 12),
(385, 'Il y a \\(872\\) élèves dans un lycée. \\(5\\) élèves sur \\(8\\) sont majeurs. Le nombre d\'élèves majeurs est ', '', 3, 12),
(386, 'Dans une classe de \\(35\\) élèves, il y a \\(21\\) filles. Quel est le pourcentage de filles de la classe ?', '', 3, 12),
(387, 'Dans une salle de spectacle, il y a \\(1000\\) places. Les enfants occupent \\(107\\) places et les adultes \\(65\\%\\) du total des places. Quel est le pourcentage de places libres ?', '', 3, 12),
(388, 'Quel est le prix d\'un article quand \\(16\\%\\) de celui - ci représente \\(175\\)€ ?', '', 3, 12),
(389, 'Si \\(f(3)=4\\), alors', '', 8, 12),
(390, 'Quel est le développement de \\((x+3)(x-2)\\) ?', '', 4, 12),
(391, '\\(ABCD\\) et \\(ADEF\\) sont deux parallélogrammes. Quels vecteurs sont égaux ?', '', 5, 12),
(392, 'On considère les points \\(M(4 ~ ; ~ 2),  N(-3 ~ ;  ~ 3)\\) et \\(P(1 ~ ;   ~  -5)\\).  Le déterminant de \\(\\overrightarrow{MN}\\) et \\(\\overrightarrow{MP}\\) vaut', '', 5, 6),
(393, 'Les solutions de l\'équation \\(f(x)=-1\\) sont', 'bfa74fa6d81472c3a087a8869316db6c.png', 8, 6),
(394, 'On considère les points \\(F(-3 ~ ; ~ -1) ; C(3 ~ ;  ~ 1)\\) et \\(B(-1 ~ ;  ~ -2)\\).  Les coordonnées du point \\(E\\) tel que \\(FCBE\\) soit un parallélogramme sont ', '', 5, 6),
(395, 'On considère les points \\(H(4 ~ ; ~ 2)\\) et \\(I(5 ~ ;  ~ 6)\\).  Les coordonnées de \\(\\overrightarrow{HI}\\) sont', '', 5, 6),
(396, 'Les solutions de l\'équation \\(-8x(-3-6x)=0\\) sont :', '', 4, 13),
(397, '\\(\\overrightarrow{OP}+\\overrightarrow{KO}+\\overrightarrow{NK}\\) est égal à :', '', 5, 13),
(398, 'Factoriser l\'expression suivante : \\(4x²-48x+144\\)', '', 4, 13),
(399, 'Soient \\(A(3;6), B(7;8) et C(7;5)\\). Quelles sont les coordonnées du point D tel que ABCD soit un parallélogramme ?', '', 5, 13),
(400, 'Quelles sont les solutions de l\'équation : \\((4x+8)(-x+4)-(4x+8)(x+5)=0\\) ?', '', 4, 13),
(401, 'La forme factorisée de \\(16-16x²\\) est :', '', 4, 13),
(402, 'Soient les points \\(A(8;4) et B(6;6)\\), les coordonnées du vecteur \\(\\overrightarrow{AB}\\) sont:', '', 5, 13),
(403, 'Soient les points \\(C(4;5) et D(1;3)\\), les coordonnées du vecteur \\(\\overrightarrow{DC}\\) sont :', '', 5, 13),
(404, 'La forme factorisée de \\((4x+2)²-(2x-3)(4x+2)\\) est :', '', 4, 13),
(405, 'La forme factorisée de l\'expression \\(4x²-121\\) est :', '', 5, 13),
(406, 'Soient les points \\(A(5;6)\\) et \\(B(-3;5)\\), les coordonnées du vecteur \\(\\overrightarrow{AB}\\) sont :', '', 5, 13),
(407, 'Soient les points \\(C(1;-2)\\) et \\(D(9;-1)\\), les coordonnées du vecteur \\(\\overrightarrow{DC}\\) sont:', '', 5, 13),
(408, 'Quel est le vecteur manquant pour compléter cette égalité vectorielle: \\(\\overrightarrow{BA}+ ...... -\\overrightarrow{EC} = \\overrightarrow{BE}\\) ?', '', 5, 13),
(409, 'La forme factorisée de l\'expression \\((x+3)²-9\\) est :', '', 4, 13),
(410, 'La forme factorisée de l\'expression \\((4x+5)²-(7x-2)²\\) est :', '', 4, 13),
(411, 'Sachant que \\(A(3;-2)\\), \\(B(-3;-1)\\) et \\(C(-2;-1)\\), quelles sont les coordonnées du point D tel que ABCD soit un parallélogramme ?', '', 5, 13),
(412, 'Au mois de janvier, un magasin a augmenté ses prix de 20% puis durant la période des soldes le magasin a baissé ses prix de 10%. Quel est le pourcentage d\'évolution global des prix au mois de janvier ?', '', 3, 13),
(413, 'Le nombre d\'élèves accueillis dans un lycée était de 3150 élèves. Après la construction d\'un nouveau bâtiment, le nombre d\'élèves acceuillis a augmenté de 750 élèves. De quel pourcentage le nombre d\'élèves acceuillis a-t-il augmenté après la construction du nouveau bâtiment?', '', 3, 13),
(414, 'Après les fêtes, les magasins décident baisser les prix de certains produits qui n\'ont pas été vendus. Un foie gras était  vendu 9,50€ et il subit une baisse de 12%; le nouveau prix de  ce foie gras est :', '', 3, 13),
(415, 'Le nombre d\'habitants dans une ville a augmenté de 20% en 2012 puis en 2013 a subi une diminuation de 20%. Quel est le taux d\'évolution global du nombre d\'habitants de cette ville?', '', 3, 13),
(416, 'Une montre qui coûtait 230€ subit une baisse de 17%. Quel est son nouveau prix ?', '', 3, 13),
(417, 'Un téléphone a subit une hausse de 15% et coûte au final 517,5€. Quel était son prix initial ?', '', 3, 13),
(418, '\\(\\overrightarrow{CB}\\) -\\(\\overrightarrow{CD}\\) -\\(\\overrightarrow{BD}\\)  s\'écrit plus simplement :', '', 5, 14),
(419, 'Si \\(ABCD\\) et \\(ADEF\\) sont deux parallélogrammes alors :', '', 5, 14),
(420, 'Les vecteurs \\(\\overrightarrow{u}\\)  et \\(\\overrightarrow{v}\\) sont-ils égaux ?', 'cde4a5a11c9979b980adad631ed5d63a.png', 5, 14),
(421, 'Soient les points \\(A(2;2)\\) et \\(B(6;5)\\). Quelles sont les coordonnées du vecteur \\(\\overrightarrow{AB}\\) ?', '', 5, 4),
(422, 'Soient les points \\(A(3;2)\\) et \\(B(5;10)\\). Quelles sont les coordonnées du vecteur \\(\\overrightarrow{AB}\\) ?', '', 5, 4),
(423, 'Soient les points \\(A(-4;4)\\), \\(B(-2;5)\\), \\(C(0;0)\\) et \\(D(-2;-1)\\). Quelle est la nature du quadrilatère \\(ABCD\\)?', '', 5, 4),
(424, '\\(ABCD\\) est un parallélogramme. Quelle est la bonne égalité?', '', 5, 4),
(425, 'Quelle est la norme du vecteur \\(\\overrightarrow{u}\\) (6;-4) ?', '', 5, 4),
(426, 'Quelle fonction correspond à la courbe représentée ci-dessous?', 'f02af10443585c11ce5c065e16e77901.png', 10, 4),
(427, 'Quelle est la bonne réponse?', 'b383e0d19a293ffcfca3e0a31b8fd0fc.png', 2, 4),
(428, 'On considère les points \\(A(-2 ~ ; ~ 6) ; B(3 ~ ; ~ -4) ; C(8 ~ ; ~ 1)\\) et \\(D(-2 ~ ;  ~ 21)\\).  Le déterminant de \\(\\overrightarrow{AB}\\) et  \\(\\overrightarrow{CD}\\) vaut : ', '', 5, 6),
(429, 'On considère les points \\(E\\left(-\\dfrac{2}{3} ~ ; ~ \\dfrac{4}{5}\\right) ; F(8 ~ ; ~ 7)\\) et \\(G\\left(-\\dfrac{4}{3}~ ;  ~ \\dfrac{6}{11}\\right)\\).  Les coordonnées du point \\(H\\) pour que \\(AFDH\\) soit un parallélogramme sont : ', '', 5, 6),
(430, 'Développer l\'expression suivante: \\(A=4(2x^2+1)\\)', '', 4, 8),
(431, 'Développer l\'expression suivante:   \\(A=(5x-6)^2\\)', '', 4, 8),
(432, 'Factoriser l\'expression \\(B=36x^2-25\\)', '', 4, 8),
(433, 'Quelle est la factorisation de \\(49x^2-14x+1\\)', '', 4, 8),
(434, 'A quel ensemble le nombre \\(\\sqrt{45}\\) appartient-il?', '', 1, 8),
(435, 'Simplifier au maximum \\(\\sqrt{50}\\)', '', 1, 8),
(436, 'Soit \\(f\\) la fonction définie par \\(f(x)=3x^2+2x-1\\). Quelle est l\'image de \\(5\\) par la fonction \\(f\\)?', '', 6, 8),
(437, 'On considère l\'inéquation :   \\(3x+1<5x-3\\). Alors:', '', 8, 8),
(439, 'Soit \\(g\\) la fonction définie par \\(g(x)=x^2-10x+5\\). On cherche le(s) antécédent(s) de \\(5\\) par \\(g\\).', '', 8, 8),
(440, 'Je suis un nombre. Si on me double, et qu\'on ajoute ma moitié et mon quart et 1, on obtient 100. Qui suis-je?', '', 4, 8),
(441, 'Quel est le plus petit ensemble auquel appartient le nombre 12 ?', '', 1, 8),
(442, 'Quelle formule correspond à une identité remarquable?', '', 4, 8),
(443, 'Dans un repère \\((O,I,J)\\) du plan, soient les points \\(A(-5;3)\\) et \\(B(4;-2)\\). Les coordonnées du vecteur \\(\\overrightarrow{AB}\\) sont:', '', 5, 8),
(444, '\\(f\\) est la fonction définie par \\(f(x)=6x+5\\). La fonction \\(f\\) est:', '', 6, 8),
(445, 'Réduire l\'expression \\(A=7x-3y+2x+10y-4\\)', '', 4, 8),
(446, 'Soit \\(g\\) la fonction définie par \\(g(x)=0,33x\\). Alors \\(g\\) est une fonction:', '', 6, 8),
(447, 'Développer l\'expression \\(C=(5x+3)^2\\).', '', 4, 8),
(448, 'Soit \\(h\\) la fonction définie par \\(h(x)=\\dfrac{2x+1}{x}\\) . Quel est l\'antécédent de \\(7\\) par la fonction \\(h\\)?', '', 6, 8),
(449, 'Développer et réduire l\'expression \\(B=(6x^3-4)(3+4x^5)\\)', '', 4, 8),
(450, 'Simplifier \\(\\sqrt{48}\\) .', '', 1, 8),
(451, 'J est le milieu du segment [RS]. Par quelle égalité vectorielle peut-on traduire cette information?', '', 5, 8),
(452, 'Factoriser l\'expression \\(B=25-x^2\\)', '', 4, 8),
(453, 'Parmi les expressions suivantes, laquelle est celle d\'une expression linéaire?', '', 6, 8),
(454, 'Les solutions de l\'équation \\((3x+7)(x-1)=0\\) sont:', '', 4, 8),
(455, 'Factoriser l\'expression \\(A=81x^2-54x+9\\)', '', 4, 8),
(456, 'Soit \\(f\\) la fonction définie par \\(f(x)=\\dfrac{3x+5}{2}\\) . La fonction \\(f\\) est:', '', 6, 8);

-- --------------------------------------------------------

--
-- Structure de la table `usersmath`
--

CREATE TABLE `usersmath` (
  `id` int(11) NOT NULL,
  `userName` varchar(255) NOT NULL,
  `userPassWord` varchar(255) NOT NULL,
  `directory` varchar(255) NOT NULL
) ENGINE=InnoDB DEFAULT CHARSET=utf8 COLLATE=utf8_unicode_ci;

--
-- Déchargement des données de la table `usersmath`
--

INSERT INTO `usersmath` (`id`, `userName`, `userPassWord`, `directory`) VALUES
(1, 'Mathématiques', 'd8c3c188e3e267569e11f62a87e4f49b', 'b004689bf22a16a9cd6313f0cd7a7f54'),
(2, 'Cathy', '9b12fb37256712a11767e807e1e9073c', '0de732d1244cfd10fa6394e73d8bb4f1'),
(3, 'David', '86128a6bfe252e7fe053c32a16f0f3a3', '303c740d47217ed3142fffedefd44bac'),
(4, 'Valérie', '1ed00aa4f10fa0ac75f31736b457f0e9', '3aa0b353db5eab60c7f3ef7ee805742e'),
(5, 'Thomas', 'f7cabd231ea7016391429c78a7872923', '8d59dc1ccc746368862463bcc91d0c0d'),
(6, 'Frédérique', '0ac36205b3f180892de4a3d380bfa7ee', '80934c3479b0d8cabcd0f4a2ac1d4edd'),
(7, 'William', '2e97abaefa4b3c39bf93d241d79246ff', ''),
(8, 'Christophe', '179c466cfb754cbe339c29af18c0e491', 'd8fb79bd46c0cfdbee669565a3778e99'),
(9, 'Anne-Sophie', 'e18eaec22d24220bfc555bb740df8eb8', '463fbe40b2803b66390203190551bbb1'),
(10, 'Philippe', '9ff01e95f3a7d753c8dea34e60123fa5', 'a3fa20f80e755cef60667cc7b975bc53'),
(11, 'Eric', '1b7a299f16ace412e4ef3aeb6c575040', ''),
(12, 'Lucie', '0372961f9e8b62af1080be4a68fba811', 'c939531ddae961dcecd0a00b2b75156c'),
(13, 'Pascal', '787e39d5d92abdc7d58e390adc5fdd02', 'f014a494595e84c0b0238e269c381de5');

--
-- Index pour les tables déchargées
--

--
-- Index pour la table `chapitre`
--
ALTER TABLE `chapitre`
  ADD PRIMARY KEY (`id`);

--
-- Index pour la table `classe`
--
ALTER TABLE `classe`
  ADD PRIMARY KEY (`id`),
  ADD KEY `professeur` (`professeur`);

--
-- Index pour la table `eleve`
--
ALTER TABLE `eleve`
  ADD PRIMARY KEY (`id`),
  ADD KEY `idclasse` (`idclasse`);

--
-- Index pour la table `proposition`
--
ALTER TABLE `proposition`
  ADD PRIMARY KEY (`id`),
  ADD KEY `idQuestion` (`idQuestion`);

--
-- Index pour la table `question`
--
ALTER TABLE `question`
  ADD PRIMARY KEY (`id`),
  ADD KEY `idChapitre` (`idChapitre`),
  ADD KEY `idClasse` (`idClasse`);

--
-- Index pour la table `usersmath`
--
ALTER TABLE `usersmath`
  ADD PRIMARY KEY (`id`);

--
-- AUTO_INCREMENT pour les tables déchargées
--

--
-- AUTO_INCREMENT pour la table `chapitre`
--
ALTER TABLE `chapitre`
  MODIFY `id` int(11) NOT NULL AUTO_INCREMENT, AUTO_INCREMENT=14;

--
-- AUTO_INCREMENT pour la table `classe`
--
ALTER TABLE `classe`
  MODIFY `id` int(11) NOT NULL AUTO_INCREMENT, AUTO_INCREMENT=16;

--
-- AUTO_INCREMENT pour la table `eleve`
--
ALTER TABLE `eleve`
  MODIFY `id` int(11) NOT NULL AUTO_INCREMENT, AUTO_INCREMENT=381;

--
-- AUTO_INCREMENT pour la table `proposition`
--
ALTER TABLE `proposition`
  MODIFY `id` bigint(20) NOT NULL AUTO_INCREMENT, AUTO_INCREMENT=1609;

--
-- AUTO_INCREMENT pour la table `question`
--
ALTER TABLE `question`
  MODIFY `id` int(11) NOT NULL AUTO_INCREMENT, AUTO_INCREMENT=457;

--
-- AUTO_INCREMENT pour la table `usersmath`
--
ALTER TABLE `usersmath`
  MODIFY `id` int(11) NOT NULL AUTO_INCREMENT, AUTO_INCREMENT=14;

--
-- Contraintes pour les tables déchargées
--

--
-- Contraintes pour la table `classe`
--
ALTER TABLE `classe`
  ADD CONSTRAINT `classe_ibfk_1` FOREIGN KEY (`professeur`) REFERENCES `usersmath` (`id`);

--
-- Contraintes pour la table `eleve`
--
ALTER TABLE `eleve`
  ADD CONSTRAINT `eleve_ibfk_1` FOREIGN KEY (`idclasse`) REFERENCES `classe` (`id`);

--
-- Contraintes pour la table `proposition`
--
ALTER TABLE `proposition`
  ADD CONSTRAINT `proposition_ibfk_1` FOREIGN KEY (`idQuestion`) REFERENCES `question` (`id`);

--
-- Contraintes pour la table `question`
--
ALTER TABLE `question`
  ADD CONSTRAINT `question_ibfk_1` FOREIGN KEY (`idChapitre`) REFERENCES `chapitre` (`id`),
  ADD CONSTRAINT `question_ibfk_2` FOREIGN KEY (`idClasse`) REFERENCES `classe` (`id`);
COMMIT;

/*!40101 SET CHARACTER_SET_CLIENT=@OLD_CHARACTER_SET_CLIENT */;
/*!40101 SET CHARACTER_SET_RESULTS=@OLD_CHARACTER_SET_RESULTS */;
/*!40101 SET COLLATION_CONNECTION=@OLD_COLLATION_CONNECTION */;
